FC 25,FC 24,Name,FIFA 23,FIFA 22,FIFA 21,FIFA 20,FIFA 19,FIFA 18,FIFA 17,FIFA 16,FIFA 15,FIFA 14/25,FIFA 13,FIFA 12,FIFA 11,FIFA 10,FIFA 09,FIFA 08,FIFA 07
80,77,ederson,,,,,,,,,,,,,,,,,
88,89,rúben-dias,88,87,81,80,78,68,,,,,,,,,,,
83,85,aymeric-laporte,,,,,,,,,,,,,,,,,
85,85,john-stones,,,,,,,,,,,,,,,,,
84,81,nathan-aké,,,,,,,,,,,,,,,,,
84,82,manuel-akanji,,,,,,,,,,,,,,,,,
74,74,sergio-gómez,,,,,,,,,,,,,,,,,
86,86,joão-cancelo,,,,,,,,,,,,,,,,,
84,84,kyle-walker,,,,,,,,,,,,,,,,,
73,72,rodri,,,,,,,,,,,,,,,,,
77,79,kalvin-phillips,,,,,,,,,,,,,,,,,
88,85,phil-foden,,,,,,,,,,,,,,,,,
90,91,kevin-de-bruyne,91,91,91,91,91,89,88,86,81,80,78,75,70,62,,,
63,60,bernardo-silva,,,,,,,,,,,,,,,,,
85,67,cole-palmer,,,,,,,,,,,,,,,,,
84,85,jack-grealish,,,,,,,,,,,,,,,,,
85,85,riyad-mahrez,,,,,,,,,,,,,,,,,
91,91,erling-haaland,88,88,84,73,66,58,58,,,,,,,,,,
84,80,julián-álvarez,,,,,,,,,,,,,,,,,
70,69,alisson,,,,,,,,,,,,,,,,,
89,89,virgil-van-dijk,,,,,,,,,,,,,,,,,
83,81,ibrahima-konaté,,,,,,,,,,,,,,,,,
80,79,joe-gomez,,,,,,,,,,,,,,,,,
71,73,nathaniel-phillips,,,,,,,,,,,,,,,,,
85,86,andrew-robertson,,,,,,,,,,,,,,,,,
86,86,trent-alexander-arnold,,,,,,,,,,,,,,,,,
82,84,fabinho,,,,,,,,,,,,,,,,,
79,77,curtis-jones,,,,,,,,,,,,,,,,,
80,80,jordan-henderson,,,,,,,,,,,,,,,,,
78,77,alex-oxlade-chamberlain,,,,,,,,,,,,,,,,,
75,77,james-milner,,,,,,,,,,,,,,,,,
78,77,harvey-elliott,,,,,,,,,,,,,,,,,
84,84,luis-díaz,,,,,,,,,,,,,,,,,
85,85,diogo-jota,,,,,,,,,,,,,,,,,
89,89,mohamed-salah,90,89,90,90,88,83,81,80,76,74,70,,,,,,
82,82,darwin-núñez,,,,,,,,,,,,,,,,,
80,83,roberto-firmino,,,,,,,,,,,,,,,,,
80,83,edouard-mendy,,,,,,,,,,,,,,,,,
79,81,kepa-arrizabalaga,,,,,,,,,,,,,,,,,
78,79,wesley-fofana,,,,,,,,,,,,,,,,,
84,84,kalidou-koulibaly,,,,,,,,,,,,,,,,,
78,77,trevoh-chalobah,,,,,,,,,,,,,,,,,
84,84,thiago-silva,,,,,,,,,,,,,,,,,
82,79,marc-cucurella,,,,,,,,,,,,,,,,,
79,81,ben-chilwell,,,,,,,,,,,,,,,,,
82,84,reece-james,,,,,,,,,,,,,,,,,
,,césar-azpilicueta,,,,,,,,,,,,,,,,,
82,83,jorginho,,,,,,,,,,,,,,,,,
85,86,n'golo-kanté,,,,,,,,,,,,,,,,,
79,79,denis-zakaria,,,,,,,,,,,,,,,,,
81,78,conor-gallagher,,,,,,,,,,,,,,,,,
81,77,ruben-loftus-cheek,,,,,,,,,,,,,,,,,
72,65,carney-chukwuemeka,,,,,,,,,,,,,,,,,
78,81,mason-mount,,,,,,,,,,,,,,,,,
83,82,kai-havertz,,,,,,,,,,,,,,,,,
80,80,hakim-ziyech,,,,,,,,,,,,,,,,,
81,83,raheem-sterling,,,,,,,,,,,,,,,,,
83,79,christian-pulisic,,,,,,,,,,,,,,,,,
73,75,armando-broja,,,,,,,,,,,,,,,,,
82,80,pierre-emerick-aubameyang,,,,,,,,,,,,,,,,,
81,84,aaron-ramsdale,,,,,,,,,,,,,,,,,
87,83,william-saliba,,,,,,,,,,,,,,,,,
74,74,ben-white,,,,,,,,,,,,,,,,,
73,76,rob-holding,,,,,,,,,,,,,,,,,
79,80,oleksandr-zinchenko,,,,,,,,,,,,,,,,,
79,80,kieran-tierney,,,,,,,,,,,,,,,,,
78,78,takehiro-tomiyasu,,,,,,,,,,,,,,,,,
73,73,cédric-soares,,,,,,,,,,,,,,,,,
82,85,thomas-partey,,,,,,,,,,,,,,,,,
75,75,mohamed-elneny,,,,,,,,,,,,,,,,,
86,82,granit-xhaka,,,,,,,,,,,,,,,,,
75,74,albert-sambi-lokonga,,,,,,,,,,,,,,,,,
87,86,bukayo-saka,,,,,,,,,,,,,,,,,
89,87,martin-ødegaard,,,,,,,,,,,,,,,,,
77,78,emile-smith-rowe,,,,,,,,,,,,,,,,,
87,87,marquinhos,,,,,,,,,,,,,,,,,
75,74,reiss-nelson,,,,,,,,,,,,,,,,,
82,84,gabriel-jesus,,,,,,,,,,,,,,,,,
76,75,eddie-nketiah,,,,,,,,,,,,,,,,,
87,87,david-de-gea,,,,,,,,,,,,,,,,,
84,84,lisandro-martínez,,,,,,,,,,,,,,,,,
82,85,raphaël-varane,,,,,,,,,,,,,,,,,
80,79,harry-maguire,,,,,,,,,,,,,,,,,
78,80,victor-lindelöf,,,,,,,,,,,,,,,,,
82,83,luke-shaw,,,,,,,,,,,,,,,,,
76,78,tyrell-malacia,,,,,,,,,,,,,,,,,
82,80,diogo-dalot,,,,,,,,,,,,,,,,,
79,80,aaron-wan-bissaka,,,,,,,,,,,,,,,,,
84,89,casemiro,89,89,89,87,88,85,82,77,76,77,72,74,69,,,,
78,79,scott-mctominay,,,,,,,,,,,,,,,,,
78,78,fred,,,,,,,,,,,,,,,,,
75,77,donny-van-de-beek,,,,,,,,,,,,,,,,,
87,88,bruno-fernandes,,,,,,,,,,,,,,,,,
78,83,christian-eriksen,,,,,,,,,,,,,,,,,
82,82,jadon-sancho,,,,,,,,,,,,,,,,,
81,85,marcus-rashford,,,,,,,,,,,,,,,,,
76,73,anthony-elanga,,,,,,,,,,,,,,,,,
79,75,alejandro-garnacho,,,,,,,,,,,,,,,,,
77,81,antony,,,,,,,,,,,,,,,,,
77,80,anthony-martial,,,,,,,,,,,,,,,,,
79,83,hugo-lloris,,,,,,,,,,,,,,,,,
84,82,cristian-romero,,,,,,,,,,,,,,,,,
80,77,eric-dier,,,,,,,,,,,,,,,,,
80,77,davinson-sánchez,,,,,,,,,,,,,,,,,
76,77,clément-lenglet,,,,,,,,,,,,,,,,,
76,77,ben-davies,,,,,,,,,,,,,,,,,
72,74,djed-spence,,,,,,,,,,,,,,,,,
73,75,matt-doherty,,,,,,,,,,,,,,,,,
77,77,oliver-skipp,,,,,,,,,,,,,,,,,
81,82,rodrigo-bentancur,,,,,,,,,,,,,,,,,
80,79,yves-bissouma,,,,,,,,,,,,,,,,,
74,75,ryan-sessegnon,,,,,,,,,,,,,,,,,
82,81,dejan-kulusevski,,,,,,,,,,,,,,,,,
,,lucas-moura,,,,,,,,,,,,,,,,,
90,90,harry-kane,89,90,88,89,89,86,84,78,68,67,67,62,58,,,,
81,80,richarlison,,,,,,,,,,,,,,,,,
87,85,emiliano-martínez,,,,,,,,,,,,,,,,,
74,75,robin-olsen,,,,,,,,,,,,,,,,,
80,81,diego-carlos,,,,,,,,,,,,,,,,,
79,79,tyrone-mings,,,,,,,,,,,,,,,,,
81,79,ezri-konsa,,,,,,,,,,,,,,,,,
74,74,jan-bednarek,,,,,,,,,,,,,,,,,
74,74,calum-chambers,,,,,,,,,,,,,,,,,
79,79,lucas-digne,,,,,,,,,,,,,,,,,
74,76,ludwig-augustinsson,,,,,,,,,,,,,,,,,
73,76,ashley-young,,,,,,,,,,,,,,,,,
79,79,matty-cash,,,,,,,,,,,,,,,,,
83,79,douglas-luiz,,,,,,,,,,,,,,,,,
82,80,boubacar-kamara,,,,,,,,,,,,,,,,,
75,75,leander-dendoncker,,,,,,,,,,,,,,,,,
82,79,john-mcginn,,,,,,,,,,,,,,,,,
78,78,jacob-ramsey,,,,,,,,,,,,,,,,,
76,76,morgan-sanson,,,,,,,,,,,,,,,,,
82,79,leon-bailey,,,,,,,,,,,,,,,,,
80,80,philippe-coutinho,,,,,,,,,,,,,,,,,
85,80,ollie-watkins,,,,,,,,,,,,,,,,,
74,77,danny-ings,,,,,,,,,,,,,,,,,
75,73,cameron-archer,,,,,,,,,,,,,,,,,
81,78,alphonse-areola,,,,,,,,,,,,,,,,,
78,79,kurt-zouma,,,,,,,,,,,,,,,,,
79,79,nayef-aguerd,,,,,,,,,,,,,,,,,
76,76,thilo-kehrer,,,,,,,,,,,,,,,,,
77,77,craig-dawson,,,,,,,,,,,,,,,,,
76,76,angelo-ogbonna,,,,,,,,,,,,,,,,,
68,66,emerson,,,,,,,,,,,,,,,,,
74,77,aaron-cresswell,,,,,,,,,,,,,,,,,
73,74,ben-johnson,,,,,,,,,,,,,,,,,
87,85,declan-rice,,,,,,,,,,,,,,,,,
66,67,conor-coventry,,,,,,,,,,,,,,,,,
75,71,flynn-downes,,,,,,,,,,,,,,,,,
82,81,lucas-paquetá,,,,,,,,,,,,,,,,,
76,77,pablo-fornals,,,,,,,,,,,,,,,,,
75,76,manuel-lanzini,,,,,,,,,,,,,,,,,
78,78,saïd-benrahma,,,,,,,,,,,,,,,,,
75,76,maxwel-cornet,,,,,,,,,,,,,,,,,
82,79,jarrod-bowen,,,,,,,,,,,,,,,,,
,,gianluca-scamacca,,,,,,,,,,,,,,,,,
78,78,michail-antonio,,,,,,,,,,,,,,,,,
83,84,nick-pope,,,,,,,,,,,,,,,,,
82,83,sven-botman,,,,,,,,,,,,,,,,,
78,79,dan-burn,,,,,,,,,,,,,,,,,
82,82,fabian-schär,,,,,,,,,,,,,,,,,
75,75,jamaal-lascelles,,,,,,,,,,,,,,,,,
74,76,matt-targett,,,,,,,,,,,,,,,,,
69,71,jamal-lewis,,,,,,,,,,,,,,,,,
83,85,kieran-trippier,,,,,,,,,,,,,,,,,
73,73,emil-krafth,,,,,,,,,,,,,,,,,
71,72,javier-manquillo,,,,,,,,,,,,,,,,,
85,84,bruno-guimarães,,,,,,,,,,,,,,,,,
77,78,joe-willock,,,,,,,,,,,,,,,,,
76,78,sean-longstaff,,,,,,,,,,,,,,,,,
75,75,jonjo-shelvey,,,,,,,,,,,,,,,,,
71,72,matt-ritchie,,,,,,,,,,,,,,,,,
82,82,joelinton,,,,,,,,,,,,,,,,,
78,81,miguel-almirón,,,,,,,,,,,,,,,,,
75,72,elliot-anderson,,,,,,,,,,,,,,,,,
80,81,allan-saint-maximin,,,,,,,,,,,,,,,,,
72,73,ryan-fraser,,,,,,,,,,,,,,,,,
76,76,jacob-murphy,,,,,,,,,,,,,,,,,
85,81,alexander-isak,,,,,,,,,,,,,,,,,
81,82,callum-wilson,,,,,,,,,,,,,,,,,
76,75,chris-wood,,,,,,,,,,,,,,,,,
72,73,danny-ward,,,,,,,,,,,,,,,,,
76,76,wout-faes,,,,,,,,,,,,,,,,,
71,74,daniel-amartey,,,,,,,,,,,,,,,,,
74,77,jonny-evans,,,,,,,,,,,,,,,,,
71,73,luke-thomas,,,,,,,,,,,,,,,,,
77,77,timothy-castagne,,,,,,,,,,,,,,,,,
75,76,james-justin,,,,,,,,,,,,,,,,,
78,79,wilfred-ndidi,,,,,,,,,,,,,,,,,
75,75,boubakary-soumaré,,,,,,,,,,,,,,,,,
75,74,nampalys-mendy,,,,,,,,,,,,,,,,,
81,82,youri-tielemans,,,,,,,,,,,,,,,,,
78,76,kiernan-dewsbury-hall,,,,,,,,,,,,,,,,,
74,75,dennis-praet,,,,,,,,,,,,,,,,,
69,69,marc-albrighton,,,,,,,,,,,,,,,,,
80,80,harvey-barnes,,,,,,,,,,,,,,,,,
85,84,james-maddison,,,,,,,,,,,,,,,,,
79,79,ayoze-pérez,,,,,,,,,,,,,,,,,
74,75,patson-daka,,,,,,,,,,,,,,,,,
74,76,kelechi-iheanacho,,,,,,,,,,,,,,,,,
77,78,jamie-vardy,,,,,,,,,,,,,,,,,
83,82,jordan-pickford,,,,,,,,,,,,,,,,,
80,79,james-tarkowski,,,,,,,,,,,,,,,,,
76,77,yerry-mina,,,,,,,,,,,,,,,,,
75,75,ben-godfrey,,,,,,,,,,,,,,,,,
74,76,conor-coady,,,,,,,,,,,,,,,,,
71,71,mason-holgate,,,,,,,,,,,,,,,,,
75,77,michael-keane,,,,,,,,,,,,,,,,,
77,75,vitaliy-mykolenko,,,,,,,,,,,,,,,,,
70,72,rúben-vinagre,,,,,,,,,,,,,,,,,
71,72,nathan-patterson,,,,,,,,,,,,,,,,,
78,76,amadou-onana,,,,,,,,,,,,,,,,,
75,72,james-garner,,,,,,,,,,,,,,,,,
75,77,abdoulaye-doucouré,,,,,,,,,,,,,,,,,
71,74,tom-davies,,,,,,,,,,,,,,,,,
77,76,alex-iwobi,,,,,,,,,,,,,,,,,
82,75,anthony-gordon,,,,,,,,,,,,,,,,,
76,77,demarai-gray,,,,,,,,,,,,,,,,,
77,76,dwight-mcneil,,,,,,,,,,,,,,,,,
77,77,dominic-calvert-lewin,,,,,,,,,,,,,,,,,
74,74,neal-maupay,,,,,,,,,,,,,,,,,
73,73,salomón-rondón,,,,,,,,,,,,,,,,,
79,79,josé-sá,,,,,,,,,,,,,,,,,
75,76,nathan-collins,,,,,,,,,,,,,,,,,
77,76,max-kilman,,,,,,,,,,,,,,,,,
78,78,nélson-semedo,,,,,,,,,,,,,,,,,
84,84,rúben-neves,,,,,,,,,,,,,,,,,
78,79,matheus-nunes,,,,,,,,,,,,,,,,,
71,68,boubacar-traoré,,,,,,,,,,,,,,,,,
77,77,joão-moutinho,,,,,,,,,,,,,,,,,
68,68,connor-ronan,,,,,,,,,,,,,,,,,
79,77,pedro-neto,,,,,,,,,,,,,,,,,
77,79,gonçalo-guedes,,,,,,,,,,,,,,,,,
78,77,daniel-podence,,,,,,,,,,,,,,,,,
75,76,adama-traoré,,,,,,,,,,,,,,,,,
77,77,sasa-kalajdzic,,,,,,,,,,,,,,,,,
74,76,raúl-jiménez,,,,,,,,,,,,,,,,,
76,76,diego-costa,,,,,,,,,,,,,,,,,
73,71,gavin-bazunu,,,,,,,,,,,,,,,,,
76,76,mohammed-salisu,,,,,,,,,,,,,,,,,
73,73,lyanco,,,,,,,,,,,,,,,,,
74,75,romain-perraud,,,,,,,,,,,,,,,,,
60,60,juan-larios,,,,,,,,,,,,,,,,,
76,76,kyle-walker-peters,,,,,,,,,,,,,,,,,
75,73,roméo-lavia,,,,,,,,,,,,,,,,,
73,73,ibrahima-diallo,,,,,,,,,,,,,,,,,
79,78,james-ward-prowse,,,,,,,,,,,,,,,,,
73,73,stuart-armstrong,,,,,,,,,,,,,,,,,
75,72,ainsley-maitland-niles,,,,,,,,,,,,,,,,,
73,73,joe-aribo,,,,,,,,,,,,,,,,,
73,73,mohamed-elyounoussi,,,,,,,,,,,,,,,,,
71,73,moussa-djenepo,,,,,,,,,,,,,,,,,
70,65,samuel-edozie,,,,,,,,,,,,,,,,,
71,71,theo-walcott,,,,,,,,,,,,,,,,,
75,72,adam-armstrong,,,,,,,,,,,,,,,,,
79,79,robert-sánchez,,,,,,,,,,,,,,,,,
76,78,adam-webster,,,,,,,,,,,,,,,,,
79,81,lewis-dunk,,,,,,,,,,,,,,,,,
77,74,levi-colwill,,,,,,,,,,,,,,,,,
76,71,jan-paul-van-hecke,,,,,,,,,,,,,,,,,
80,80,pervis-estupiñán,,,,,,,,,,,,,,,,,
75,75,tariq-lamptey,,,,,,,,,,,,,,,,,
76,78,joël-veltman,,,,,,,,,,,,,,,,,
82,80,moisés-caicedo,,,,,,,,,,,,,,,,,
86,82,alexis-mac-allister,,,,,,,,,,,,,,,,,
75,72,billy-gilmour,,,,,,,,,,,,,,,,,
81,78,pascal-groß,,,,,,,,,,,,,,,,,
78,78,solly-march,,,,,,,,,,,,,,,,,
69,67,jeremy-sarmiento,,,,,,,,,,,,,,,,,
74,74,adam-lallana,,,,,,,,,,,,,,,,,
83,81,leandro-trossard,,,,,,,,,,,,,,,,,
81,80,kaoru-mitoma,,,,,,,,,,,,,,,,,
76,76,danny-welbeck,,,,,,,,,,,,,,,,,
81,75,deniz-undav,,,,,,,,,,,,,,,,,
83,80,david-raya,,,,,,,,,,,,,,,,,
76,76,kristoffer-ajer,,,,,,,,,,,,,,,,,
79,79,ethan-pinnock,,,,,,,,,,,,,,,,,
73,74,pontus-jansson,,,,,,,,,,,,,,,,,
78,79,ben-mee,,,,,,,,,,,,,,,,,
77,78,rico-henry,,,,,,,,,,,,,,,,,
76,76,aaron-hickey,,,,,,,,,,,,,,,,,
76,76,vitaly-janelt,,,,,,,,,,,,,,,,,
77,76,mathias-jensen,,,,,,,,,,,,,,,,,
73,73,josh-dasilva,,,,,,,,,,,,,,,,,
72,73,frank-onyeka,,,,,,,,,,,,,,,,,
69,70,shandon-baptiste,,,,,,,,,,,,,,,,,
67,68,saman-ghoddos,,,,,,,,,,,,,,,,,
73,72,keane-lewis-potter,,,,,,,,,,,,,,,,,
79,77,yoane-wissa,,,,,,,,,,,,,,,,,
73,76,mikkel-damsgaard,,,,,,,,,,,,,,,,,
80,78,bryan-mbeumo,,,,,,,,,,,,,,,,,
73,72,sergi-canós,,,,,,,,,,,,,,,,,
80,80,ivan-toney,,,,,,,,,,,,,,,,,
78,78,vicente-guaita,,,,,,,,,,,,,,,,,
81,78,marc-guéhi,,,,,,,,,,,,,,,,,
80,78,joachim-andersen,,,,,,,,,,,,,,,,,
76,74,chris-richards,,,,,,,,,,,,,,,,,
70,72,james-tomkins,,,,,,,,,,,,,,,,,
77,76,tyrick-mitchell,,,,,,,,,,,,,,,,,
74,74,nathaniel-clyne,,,,,,,,,,,,,,,,,
73,74,joel-ward,,,,,,,,,,,,,,,,,
79,78,cheick-doucouré,,,,,,,,,,,,,,,,,
74,74,will-hughes,,,,,,,,,,,,,,,,,
82,78,michael-olise,,,,,,,,,,,,,,,,,
73,76,jeffrey-schlupp,,,,,,,,,,,,,,,,,
81,79,eberechi-eze,,,,,,,,,,,,,,,,,
81,81,wilfried-zaha,,,,,,,,,,,,,,,,,
66,66,malcolm-ebiowei,,,,,,,,,,,,,,,,,
79,75,jean-philippe-mateta,,,,,,,,,,,,,,,,,
75,74,jordan-ayew,,,,,,,,,,,,,,,,,
79,79,dean-henderson,,,,,,,,,,,,,,,,,
71,73,scott-mckenna,,,,,,,,,,,,,,,,,
74,74,joe-worrall,,,,,,,,,,,,,,,,,
77,76,willy-boly,,,,,,,,,,,,,,,,,
72,72,steve-cook,,,,,,,,,,,,,,,,,
77,79,renan-lodi,,,,,,,,,,,,,,,,,
72,71,harry-toffolo,,,,,,,,,,,,,,,,,
76,74,neco-williams,,,,,,,,,,,,,,,,,
70,70,giulian-biancone,,,,,,,,,,,,,,,,,
77,78,serge-aurier,,,,,,,,,,,,,,,,,
74,76,cheikhou-kouyaté,,,,,,,,,,,,,,,,,
69,69,jack-colback,,,,,,,,,,,,,,,,,
81,78,remo-freuler,,,,,,,,,,,,,,,,,
76,76,orel-mangala,,,,,,,,,,,,,,,,,
72,72,lewis-o'brien,,,,,,,,,,,,,,,,,
75,75,ryan-yates,,,,,,,,,,,,,,,,,
,,cafú,,,,,,,,,,,,,,,,,
79,77,morgan-gibbs-white,,,,,,,,,,,,,,,,,
74,76,jesse-lingard,,,,,,,,,,,,,,,,,
78,76,brennan-johnson,,,,,,,,,,,,,,,,,
76,77,taiwo-awoniyi,,,,,,,,,,,,,,,,,
72,75,emmanuel-dennis,,,,,,,,,,,,,,,,,
71,71,sam-surridge,,,,,,,,,,,,,,,,,
74,75,illan-meslier,,,,,,,,,,,,,,,,,
74,73,pascal-struijk,,,,,,,,,,,,,,,,,
79,76,robin-koch,,,,,,,,,,,,,,,,,
77,77,diego-llorente,,,,,,,,,,,,,,,,,
72,74,liam-cooper,,,,,,,,,,,,,,,,,
73,73,junior-firpo,,,,,,,,,,,,,,,,,
70,70,cody-drameh,,,,,,,,,,,,,,,,,
71,71,luke-ayling,,,,,,,,,,,,,,,,,
77,78,tyler-adams,,,,,,,,,,,,,,,,,
78,75,marc-roca,,,,,,,,,,,,,,,,,
74,74,mateusz-klich,,,,,,,,,,,,,,,,,
71,73,adam-forshaw,,,,,,,,,,,,,,,,,
73,74,brenden-aaronson,,,,,,,,,,,,,,,,,
69,69,sam-greenwood,,,,,,,,,,,,,,,,,
76,76,jack-harrison,,,,,,,,,,,,,,,,,
77,78,luis-sinisterra,,,,,,,,,,,,,,,,,
76,73,crysencio-summerville,,,,,,,,,,,,,,,,,
73,72,rodrigo,,,,,,,,,,,,,,,,,
74,75,patrick-bamford,,,,,,,,,,,,,,,,,
69,70,joe-gelhardt,,,,,,,,,,,,,,,,,
82,81,bernd-leno,,,,,,,,,,,,,,,,,
78,77,tosin-adarabioyo,,,,,,,,,,,,,,,,,
77,78,issa-diop,,,,,,,,,,,,,,,,,
73,73,shane-duffy,,,,,,,,,,,,,,,,,
73,73,tim-ream,,,,,,,,,,,,,,,,,
79,76,antonee-robinson,,,,,,,,,,,,,,,,,
72,72,layvin-kurzawa,,,,,,,,,,,,,,,,,
76,76,kenny-tete,,,,,,,,,,,,,,,,,
76,76,kevin-mbabu,,,,,,,,,,,,,,,,,
85,83,joão-palhinha,,,,,,,,,,,,,,,,,
70,71,nathaniel-chalobah,,,,,,,,,,,,,,,,,
75,76,harrison-reed,,,,,,,,,,,,,,,,,
70,70,josh-onomah,,,,,,,,,,,,,,,,,
75,74,tom-cairney,,,,,,,,,,,,,,,,,
78,77,andreas-pereira,,,,,,,,,,,,,,,,,
75,76,bobby-reid,,,,,,,,,,,,,,,,,
76,77,manor-solomon,,,,,,,,,,,,,,,,,
73,73,neeskens-kebano,,,,,,,,,,,,,,,,,
75,75,harry-wilson,,,,,,,,,,,,,,,,,
75,75,daniel-james,,,,,,,,,,,,,,,,,
77,77,willian,,,,,,,,,,,,,,,,,
82,79,aleksandar-mitrović,,,,,,,,,,,,,,,,,
76,72,carlos-vinícius,,,,,,,,,,,,,,,,,
78,78,neto,,,,,,,,,,,,,,,,,
73,73,mark-travers,,,,,,,,,,,,,,,,,
78,76,marcos-senesi,,,,,,,,,,,,,,,,,
75,73,lloyd-kelly,,,,,,,,,,,,,,,,,
71,71,chris-mepham,,,,,,,,,,,,,,,,,
73,74,jack-stephens,,,,,,,,,,,,,,,,,
68,70,jordan-zemura,,,,,,,,,,,,,,,,,
73,73,jack-stacey,,,,,,,,,,,,,,,,,
72,72,ryan-fredericks,,,,,,,,,,,,,,,,,
73,74,adam-smith,,,,,,,,,,,,,,,,,
79,77,jefferson-lerma,,,,,,,,,,,,,,,,,
77,77,philip-billing,,,,,,,,,,,,,,,,,
77,74,lewis-cook,,,,,,,,,,,,,,,,,
72,73,joe-rothwell,,,,,,,,,,,,,,,,,
70,72,ben-pearson,,,,,,,,,,,,,,,,,
76,75,marcus-tavernier,,,,,,,,,,,,,,,,,
76,74,ryan-christie,,,,,,,,,,,,,,,,,
70,70,emiliano-marcondes,,,,,,,,,,,,,,,,,
72,73,jaidon-anthony,,,,,,,,,,,,,,,,,
69,68,siriki-dembélé,,,,,,,,,,,,,,,,,
71,71,junior-stanislas,,,,,,,,,,,,,,,,,
70,70,jamal-lowe,,,,,,,,,,,,,,,,,
81,81,dominic-solanke,,,,,,,,,,,,,,,,,
72,73,kieffer-moore,,,,,,,,,,,,,,,,,
89,87,gianluigi-donnarumma,88,89,85,85,82,82,76,73,,,,,,,,,
81,82,presnel-kimpembe,,,,,,,,,,,,,,,,,
83,83,sergio-ramos,,,,,,,,,,,,,,,,,
68,68,el-chadaille-bitshiabu,,,,,,,,,,,,,,,,,
83,82,nuno-mendes,,,,,,,,,,,,,,,,,
75,77,juan-bernat,,,,,,,,,,,,,,,,,
84,84,achraf-hakimi,,,,,,,,,,,,,,,,,
79,79,nordi-mukiele,,,,,,,,,,,,,,,,,
74,74,danilo-pereira,,,,,,,,,,,,,,,,,
87,87,marco-verratti,,,,,,,,,,,,,,,,,
85,80,vitinha,,,,,,,,,,,,,,,,,
78,79,carlos-soler,,,,,,,,,,,,,,,,,
77,78,renato-sanches,,,,,,,,,,,,,,,,,
87,89,neymar,89,91,91,92,92,92,92,88,86,84,85,84,78,73,,,
88,90,lionel-messi,91,93,93,94,94,93,93,94,93,94,94,94,90,90,90,86,85
77,78,pablo-sarabia,,,,,,,,,,,,,,,,,
91,91,kylian-mbappé,91,91,90,89,87,83,71,65,,,,,,,,,
80,76,alexander-nübel,,,,,,,,,,,,,,,,,
78,78,benoît-badiashile,,,,,,,,,,,,,,,,,
79,79,axel-disasi,,,,,,,,,,,,,,,,,
77,77,guillermo-maripán,,,,,,,,,,,,,,,,,
71,74,malang-sarr,,,,,,,,,,,,,,,,,
74,73,ismail-jakobs,,,,,,,,,,,,,,,,,
77,77,vanderson,,,,,,,,,,,,,,,,,
77,76,ruben-aguilar,,,,,,,,,,,,,,,,,
77,78,mohamed-camara,,,,,,,,,,,,,,,,,
72,72,soungoutou-magassa,,,,,,,,,,,,,,,,,
81,80,youssouf-fofana,,,,,,,,,,,,,,,,,
72,72,jean-lucas,,,,,,,,,,,,,,,,,
72,73,eliot-matazo,,,,,,,,,,,,,,,,,
,,aleksandr-golovin,,,,,,,,,,,,,,,,,
76,68,maghnes-akliouche,,,,,,,,,,,,,,,,,
79,74,takumi-minamino,,,,,,,,,,,,,,,,,
74,75,gelson-martins,,,,,,,,,,,,,,,,,
82,83,wissam-ben-yedder,,,,,,,,,,,,,,,,,
77,78,breel-embolo,,,,,,,,,,,,,,,,,
76,79,kevin-volland,,,,,,,,,,,,,,,,,
72,73,myron-boadu,,,,,,,,,,,,,,,,,
78,79,steve-mandanda,,,,,,,,,,,,,,,,,
77,77,arthur-theate,,,,,,,,,,,,,,,,,
75,74,joe-rodon,,,,,,,,,,,,,,,,,
74,72,christopher-wooh,,,,,,,,,,,,,,,,,
77,76,adrien-truffert,,,,,,,,,,,,,,,,,
73,76,birger-meling,,,,,,,,,,,,,,,,,
80,80,hamari-traoré,,,,,,,,,,,,,,,,,
74,69,lorenz-assignon,,,,,,,,,,,,,,,,,
77,77,baptiste-santamaria,,,,,,,,,,,,,,,,,
74,76,flavien-tait,,,,,,,,,,,,,,,,,
,,xeka,,,,,,,,,,,,,,,,,
80,81,benjamin-bourigeaud,,,,,,,,,,,,,,,,,
78,79,lovro-majer,,,,,,,,,,,,,,,,,
76,71,désiré-doué,,,,,,,,,,,,,,,,,
79,81,martin-terrier,,,,,,,,,,,,,,,,,
71,74,kamaldeen-sulemana,,,,,,,,,,,,,,,,,
78,79,amine-gouiri,,,,,,,,,,,,,,,,,
77,76,arnaud-kalimuendo,,,,,,,,,,,,,,,,,
71,69,matthis-abline,,,,,,,,,,,,,,,,,
79,82,anthony-lopes,,,,,,,,,,,,,,,,,
67,69,rémy-riou,,,,,,,,,,,,,,,,,
79,77,castello-lukeba,,,,,,,,,,,,,,,,,
68,76,jérôme-boateng,,,,,,,,,,,,,,,,,
71,72,damien-da-silva,,,,,,,,,,,,,,,,,
78,80,nicolás-tagliafico,,,,,,,,,,,,,,,,,
80,76,malo-gusto,,,,,,,,,,,,,,,,,
73,73,johann-lepenant,,,,,,,,,,,,,,,,,
76,76,thiago-mendes,,,,,,,,,,,,,,,,,
78,78,maxence-caqueret,,,,,,,,,,,,,,,,,
75,76,houssem-aouar,,,,,,,,,,,,,,,,,
76,79,corentin-tolisso,,,,,,,,,,,,,,,,,
77,77,romain-faivre,,,,,,,,,,,,,,,,,
71,74,jeff-reine-adélaïde,,,,,,,,,,,,,,,,,
74,76,karl-toko-ekambi,,,,,,,,,,,,,,,,,
80,76,bradley-barcola,,,,,,,,,,,,,,,,,
75,76,tetê,,,,,,,,,,,,,,,,,
75,75,rayan-cherki,,,,,,,,,,,,,,,,,
75,76,moussa-dembélé,,,,,,,,,,,,,,,,,
82,83,alexandre-lacazette,,,,,,,,,,,,,,,,,
79,80,pau-lópez,,,,,,,,,,,,,,,,,
74,74,rubén-blanco,,,,,,,,,,,,,,,,,
79,80,chancel-mbemba,,,,,,,,,,,,,,,,,
77,78,samuel-gigot,,,,,,,,,,,,,,,,,
79,76,leonardo-balerdi,,,,,,,,,,,,,,,,,
76,76,eric-bailly,,,,,,,,,,,,,,,,,
73,73,issa-kaboré,,,,,,,,,,,,,,,,,
75,77,pape-gueye,,,,,,,,,,,,,,,,,
80,79,mattéo-guendouzi,,,,,,,,,,,,,,,,,
79,80,valentin-rongier,,,,,,,,,,,,,,,,,
80,80,jordan-veretout,,,,,,,,,,,,,,,,,
80,81,jonathan-clauss,,,,,,,,,,,,,,,,,
74,76,nuno-tavares,,,,,,,,,,,,,,,,,
74,74,gerson,,,,,,,,,,,,,,,,,
76,76,amine-harit,,,,,,,,,,,,,,,,,
80,80,dimitri-payet,,,,,,,,,,,,,,,,,
76,78,cengiz-ünder,,,,,,,,,,,,,,,,,
72,73,bamba-dieng,,,,,,,,,,,,,,,,,
80,81,alexis-sánchez,,,,,,,,,,,,,,,,,
80,81,kasper-schmeichel,,,,,,,,,,,,,,,,,
80,79,jean-clair-todibo,,,,,,,,,,,,,,,,,
71,72,mattia-viti,,,,,,,,,,,,,,,,,
79,78,dante,,,,,,,,,,,,,,,,,
78,74,melvin-bard,,,,,,,,,,,,,,,,,
70,70,joe-bryan,,,,,,,,,,,,,,,,,
73,73,youcef-atal,,,,,,,,,,,,,,,,,
75,75,jordan-lotomba,,,,,,,,,,,,,,,,,
69,69,antoine-mendy,,,,,,,,,,,,,,,,,
75,75,pablo-rosario,,,,,,,,,,,,,,,,,
79,79,mario-lemina,,,,,,,,,,,,,,,,,
70,70,alexis-beka-beka,,,,,,,,,,,,,,,,,
78,74,ross-barkley,,,,,,,,,,,,,,,,,
76,76,hicham-boudaoui,,,,,,,,,,,,,,,,,
74,74,aaron-ramsey,,,,,,,,,,,,,,,,,
76,77,sofiane-diop,,,,,,,,,,,,,,,,,
78,78,nicolas-pépé,,,,,,,,,,,,,,,,,
78,81,gaëtan-laborde,,,,,,,,,,,,,,,,,
78,78,andy-delort,,,,,,,,,,,,,,,,,
80,78,lucas-chevalier,,,,,,,,,,,,,,,,,
76,76,tiago-djaló,,,,,,,,,,,,,,,,,
77,75,bafodé-diakité,,,,,,,,,,,,,,,,,
78,78,leny-yoro,,,,,,,,,,,,,,,,,
75,78,josé-fonte,,,,,,,,,,,,,,,,,
74,73,gabriel-gudmundsson,,,,,,,,,,,,,,,,,
78,78,ismaily,,,,,,,,,,,,,,,,,
73,74,akim-zedadka,,,,,,,,,,,,,,,,,
80,79,benjamin-andré,,,,,,,,,,,,,,,,,
72,72,jonas-martin,,,,,,,,,,,,,,,,,
,,andré-gomes,,,,,,,,,,,,,,,,,
73,73,carlos-baleba,,,,,,,,,,,,,,,,,
77,76,angel-gomes,,,,,,,,,,,,,,,,,
76,79,rémy-cabella,,,,,,,,,,,,,,,,,
77,77,jonathan-bamba,,,,,,,,,,,,,,,,,
69,68,alan-virginius,,,,,,,,,,,,,,,,,
73,74,adam-ounas,,,,,,,,,,,,,,,,,
79,75,edon-zhegrova,,,,,,,,,,,,,,,,,
81,81,jonathan-david,,,,,,,,,,,,,,,,,
74,74,timothy-weah,,,,,,,,,,,,,,,,,
82,81,brice-samba,,,,,,,,,,,,,,,,,
80,80,facundo-medina,,,,,,,,,,,,,,,,,
80,80,kevin-danso,,,,,,,,,,,,,,,,,
78,78,jonathan-gradit,,,,,,,,,,,,,,,,,
68,69,steven-fortes,,,,,,,,,,,,,,,,,
76,76,deiver-machado,,,,,,,,,,,,,,,,,
76,78,salis-abdul-samed,,,,,,,,,,,,,,,,,
72,74,jean-onana,,,,,,,,,,,,,,,,,
80,82,seko-fofana,,,,,,,,,,,,,,,,,
72,73,jimmy-cabot,,,,,,,,,,,,,,,,,
74,75,alexis-claude-maurice,,,,,,,,,,,,,,,,,
75,74,wesley-saïd,,,,,,,,,,,,,,,,,
85,82,loïs-openda,,,,,,,,,,,,,,,,,
74,72,adam-buksa,,,,,,,,,,,,,,,,,
77,77,florian-sotoca,,,,,,,,,,,,,,,,,
79,80,jonas-omlin,,,,,,,,,,,,,,,,,
70,70,bingourou-kamara,,,,,,,,,,,,,,,,,
61,61,matis-carvalho,,,,,,,,,,,,,,,,,
74,74,maxime-estève,,,,,,,,,,,,,,,,,
73,75,christopher-jullien,,,,,,,,,,,,,,,,,
73,73,mamadou-sakho,,,,,,,,,,,,,,,,,
70,65,enzo-tchato,,,,,,,,,,,,,,,,,
73,73,faitout-maouassa,,,,,,,,,,,,,,,,,
73,74,nicolas-cozza,,,,,,,,,,,,,,,,,
69,69,théo-sainte-luce,,,,,,,,,,,,,,,,,
72,75,falaye-sacko,,,,,,,,,,,,,,,,,
70,72,arnaud-souquet,,,,,,,,,,,,,,,,,
75,74,joris-chotard,,,,,,,,,,,,,,,,,
76,77,jordan-ferri,,,,,,,,,,,,,,,,,
69,68,léo-leroy,,,,,,,,,,,,,,,,,
65,65,sacha-delaye,,,,,,,,,,,,,,,,,
69,62,khalil-fayad,,,,,,,,,,,,,,,,,
80,80,téji-savanier,,,,,,,,,,,,,,,,,
76,76,stephy-mavididi,,,,,,,,,,,,,,,,,
74,74,arnaud-nordin,,,,,,,,,,,,,,,,,
72,74,wahbi-khazri,,,,,,,,,,,,,,,,,
72,72,valère-germain,,,,,,,,,,,,,,,,,
65,65,béni-makouana,,,,,,,,,,,,,,,,,
76,78,alban-lafont,,,,,,,,,,,,,,,,,
73,70,rémy-descamps,,,,,,,,,,,,,,,,,
76,75,andrei-girotto,,,,,,,,,,,,,,,,,
75,73,jean-charles-castelletto,,,,,,,,,,,,,,,,,
73,75,nicolas-pallois,,,,,,,,,,,,,,,,,
76,73,quentin-merlin,,,,,,,,,,,,,,,,,
71,73,fabien-centonze,,,,,,,,,,,,,,,,,
72,73,dennis-appiah,,,,,,,,,,,,,,,,,
,,fábio,,,,,,,,,,,,,,,,,
69,70,sébastien-corchia,,,,,,,,,,,,,,,,,
76,75,pedro-chirivella,,,,,,,,,,,,,,,,,
68,65,lohann-doucet,,,,,,,,,,,,,,,,,
71,73,samuel-moutoussamy,,,,,,,,,,,,,,,,,
73,73,moussa-sissoko,,,,,,,,,,,,,,,,,
61,60,mohamed-achi,,,,,,,,,,,,,,,,,
77,78,ludovic-blas,,,,,,,,,,,,,,,,,
76,74,moses-simon,,,,,,,,,,,,,,,,,
71,71,marcus-coco,,,,,,,,,,,,,,,,,
71,71,abdoul-kader-bamba,,,,,,,,,,,,,,,,,
75,74,mostafa-mohamed,,,,,,,,,,,,,,,,,
74,70,evann-guessand,,,,,,,,,,,,,,,,,
72,73,ignatius-ganago,,,,,,,,,,,,,,,,,
77,79,matz-sels,,,,,,,,,,,,,,,,,
79,76,alexander-djiku,,,,,,,,,,,,,,,,,
74,74,gerzino-nyamsi,,,,,,,,,,,,,,,,,
74,73,lucas-perrin,,,,,,,,,,,,,,,,,
72,70,ismaël-doukouré,,,,,,,,,,,,,,,,,
72,72,maxime-le-marchand,,,,,,,,,,,,,,,,,
72,72,thomas-delaine,,,,,,,,,,,,,,,,,
69,71,colin-dagba,,,,,,,,,,,,,,,,,
72,73,ronaël-pierre-gabriel,,,,,,,,,,,,,,,,,
66,67,karol-fila,,,,,,,,,,,,,,,,,
74,74,ibrahima-sissoko,,,,,,,,,,,,,,,,,
71,73,jean-eudes-aholou,,,,,,,,,,,,,,,,,
75,75,jean-ricner-bellegarde,,,,,,,,,,,,,,,,,
73,73,dimitri-liénard,,,,,,,,,,,,,,,,,
75,78,adrien-thomasson,,,,,,,,,,,,,,,,,
69,69,nordine-kandil,,,,,,,,,,,,,,,,,
74,78,habib-diallo,,,,,,,,,,,,,,,,,
74,79,ludovic-ajorque,,,,,,,,,,,,,,,,,
75,76,kévin-gameiro,,,,,,,,,,,,,,,,,
69,69,lebo-mothiba,,,,,,,,,,,,,,,,,
74,71,patrick-pentz,,,,,,,,,,,,,,,,,
77,77,yehvann-diouf,,,,,,,,,,,,,,,,,
77,75,emmanuel-agbadou,,,,,,,,,,,,,,,,,
75,77,yunis-abdelhamid,,,,,,,,,,,,,,,,,
73,72,thibault-de-smet,,,,,,,,,,,,,,,,,
73,74,thomas-foket,,,,,,,,,,,,,,,,,
70,70,maxime-busi,,,,,,,,,,,,,,,,,
76,76,azor-matusiwa,,,,,,,,,,,,,,,,,
76,77,marshall-munetsi,,,,,,,,,,,,,,,,,
73,73,jens-cajuste,,,,,,,,,,,,,,,,,
73,73,dion-lopy,,,,,,,,,,,,,,,,,
66,65,martin-adeline,,,,,,,,,,,,,,,,,
73,72,kamory-doumbia,,,,,,,,,,,,,,,,,
69,71,mitchell-van-bergen,,,,,,,,,,,,,,,,,
78,78,junya-ito,,,,,,,,,,,,,,,,,
72,75,alexis-flips,,,,,,,,,,,,,,,,,
77,79,folarin-balogun,,,,,,,,,,,,,,,,,
77,78,yvon-mvogo,,,,,,,,,,,,,,,,,
72,72,vito-mannone,,,,,,,,,,,,,,,,,
73,74,montassar-talbi,,,,,,,,,,,,,,,,,
70,70,chrislain-matsima,,,,,,,,,,,,,,,,,
73,76,julien-laporte,,,,,,,,,,,,,,,,,
74,74,vincent-le-goff,,,,,,,,,,,,,,,,,
71,70,darlin-yongwa,,,,,,,,,,,,,,,,,
69,69,théo-le-bris,,,,,,,,,,,,,,,,,
75,76,laurent-abergel,,,,,,,,,,,,,,,,,
69,71,bonke-innocent,,,,,,,,,,,,,,,,,
77,77,enzo-le-fée,,,,,,,,,,,,,,,,,
69,70,adil-aouchiche,,,,,,,,,,,,,,,,,
74,72,julien-ponceau,,,,,,,,,,,,,,,,,
68,69,quentin-boisgard,,,,,,,,,,,,,,,,,
67,64,yoann-cathline,,,,,,,,,,,,,,,,,
74,72,dango-ouattara,,,,,,,,,,,,,,,,,
69,72,stéphane-diarra,,,,,,,,,,,,,,,,,
77,77,terem-moffi,,,,,,,,,,,,,,,,,
69,70,ibrahima-koné,,,,,,,,,,,,,,,,,
73,73,gauthier-gallon,,,,,,,,,,,,,,,,,
73,73,mateusz-lis,,,,,,,,,,,,,,,,,
71,70,jackson-porozo,,,,,,,,,,,,,,,,,
69,71,erik-palmer-brown,,,,,,,,,,,,,,,,,
71,72,yoann-salmier,,,,,,,,,,,,,,,,,
70,70,adil-rami,,,,,,,,,,,,,,,,,
68,69,yasser-larouci,,,,,,,,,,,,,,,,,
66,68,abdu-conté,,,,,,,,,,,,,,,,,
65,68,andreas-bruus,,,,,,,,,,,,,,,,,
73,74,rominigue-kouamé,,,,,,,,,,,,,,,,,
72,72,florian-tardieu,,,,,,,,,,,,,,,,,
64,68,ante-palaversa,,,,,,,,,,,,,,,,,
70,70,tristan-dingomé,,,,,,,,,,,,,,,,,
69,72,xavier-chavalerin,,,,,,,,,,,,,,,,,
,,papa-ndiaga-yade,,,,,,,,,,,,,,,,,
73,68,wilson-odobert,,,,,,,,,,,,,,,,,
74,75,rony-lopes,,,,,,,,,,,,,,,,,
68,71,renaud-ripart,,,,,,,,,,,,,,,,,
69,68,marlos-moreno,,,,,,,,,,,,,,,,,
79,76,marco-bizot,,,,,,,,,,,,,,,,,
66,67,joaquín-blázquez,,,,,,,,,,,,,,,,,
77,73,brendan-chardonnet,,,,,,,,,,,,,,,,,
78,72,lilian-brassier,,,,,,,,,,,,,,,,,
68,69,achraf-dari,,,,,,,,,,,,,,,,,
72,73,christophe-hérelle,,,,,,,,,,,,,,,,,
71,71,jere-uronen,,,,,,,,,,,,,,,,,
67,69,noah-fadiga,,,,,,,,,,,,,,,,,
79,76,pierre-lees-melou,,,,,,,,,,,,,,,,,
74,74,haris-belkebla,,,,,,,,,,,,,,,,,
76,72,mahdi-camara,,,,,,,,,,,,,,,,,
75,73,hugo-magnetti,,,,,,,,,,,,,,,,,
75,72,mathias-pereira-lage,,,,,,,,,,,,,,,,,
62,62,axel-camblan,,,,,,,,,,,,,,,,,
79,76,franck-honorat,,,,,,,,,,,,,,,,,
79,73,romain-del-castillo,,,,,,,,,,,,,,,,,
65,65,taïryk-arconte,,,,,,,,,,,,,,,,,
76,72,steve-mounié,,,,,,,,,,,,,,,,,
75,73,jérémy-le-douaron,,,,,,,,,,,,,,,,,
73,72,irvin-cardona,,,,,,,,,,,,,,,,,
73,73,islam-slimani,,,,,,,,,,,,,,,,,
72,73,paul-bernardoni,,,,,,,,,,,,,,,,,
72,69,yahia-fofana,,,,,,,,,,,,,,,,,
71,71,cédric-hountondji,,,,,,,,,,,,,,,,,
67,67,ousmane-camara,,,,,,,,,,,,,,,,,
69,71,souleyman-doumbia,,,,,,,,,,,,,,,,,
71,71,yan-valery,,,,,,,,,,,,,,,,,
70,69,abdoulaye-bamba,,,,,,,,,,,,,,,,,
73,72,batista-mendy,,,,,,,,,,,,,,,,,
73,68,ibrahim-amadou,,,,,,,,,,,,,,,,,
78,75,nabil-bentaleb,,,,,,,,,,,,,,,,,
75,76,azzedine-ounahi,,,,,,,,,,,,,,,,,
68,68,antonin-bobichon,,,,,,,,,,,,,,,,,
71,71,pierrick-capelle,,,,,,,,,,,,,,,,,
73,72,himad-abdelli,,,,,,,,,,,,,,,,,
76,76,sofiane-boufal,,,,,,,,,,,,,,,,,
70,70,farid-el-melali,,,,,,,,,,,,,,,,,
74,70,abdallah-sima,,,,,,,,,,,,,,,,,
70,70,sada-thioub,,,,,,,,,,,,,,,,,
66,70,adrien-hunou,,,,,,,,,,,,,,,,,
67,68,amine-salama,,,,,,,,,,,,,,,,,
74,76,maxime-dupé,,,,,,,,,,,,,,,,,
75,74,anthony-rouault,,,,,,,,,,,,,,,,,
76,76,rasmus-nicolaisen,,,,,,,,,,,,,,,,,
74,71,logan-costa,,,,,,,,,,,,,,,,,
72,73,issiaga-sylla,,,,,,,,,,,,,,,,,
64,64,oliver-zandén,,,,,,,,,,,,,,,,,
,,moussa-diarra,,,,,,,,,,,,,,,,,
73,73,mikkel-desler,,,,,,,,,,,,,,,,,
75,76,stijn-spierings,,,,,,,,,,,,,,,,,
76,78,branco-van-den-boomen,,,,,,,,,,,,,,,,,
74,74,brecht-dejaegere,,,,,,,,,,,,,,,,,
70,70,denis-genreau,,,,,,,,,,,,,,,,,
,,rafael-ratão,,,,,,,,,,,,,,,,,
75,75,zakaria-aboukhlal,,,,,,,,,,,,,,,,,
68,73,rhys-healey,,,,,,,,,,,,,,,,,
77,75,thijs-dallinga,,,,,,,,,,,,,,,,,
70,70,ado-onaiwu,,,,,,,,,,,,,,,,,
68,68,yanis-begraoui,,,,,,,,,,,,,,,,,
75,74,mory-diaw,,,,,,,,,,,,,,,,,
74,72,alidu-seidu,,,,,,,,,,,,,,,,,
72,72,mateusz-wieteska,,,,,,,,,,,,,,,,,
71,72,maximiliano-caufriez,,,,,,,,,,,,,,,,,
69,70,florent-ogier,,,,,,,,,,,,,,,,,
61,61,souleymane-cissé,,,,,,,,,,,,,,,,,
73,74,neto-borges,,,,,,,,,,,,,,,,,
67,68,arial-mendy,,,,,,,,,,,,,,,,,
68,68,mehdi-zeffane,,,,,,,,,,,,,,,,,
70,73,yohann-magnin,,,,,,,,,,,,,,,,,
73,74,maxime-gonalons,,,,,,,,,,,,,,,,,
74,76,johan-gastien,,,,,,,,,,,,,,,,,
63,63,brandon-baiye,,,,,,,,,,,,,,,,,
57,57,yanis-massolin,,,,,,,,,,,,,,,,,
72,72,saîf-eddine-khaoui,,,,,,,,,,,,,,,,,
71,70,jim-allevinah,,,,,,,,,,,,,,,,,
67,69,jérémie-bela,,,,,,,,,,,,,,,,,
71,71,jodel-dossou,,,,,,,,,,,,,,,,,
71,72,grejohn-kyei,,,,,,,,,,,,,,,,,
72,73,benoît-costil,,,,,,,,,,,,,,,,,
73,72,jubal,,,,,,,,,,,,,,,,,
69,71,julian-jeanvier,,,,,,,,,,,,,,,,,
65,66,alexandre-coeff,,,,,,,,,,,,,,,,,
70,70,gideon-mensah,,,,,,,,,,,,,,,,,
66,66,kenji-van-boto,,,,,,,,,,,,,,,,,
69,69,quentin-bernard,,,,,,,,,,,,,,,,,
73,67,paul-joly,,,,,,,,,,,,,,,,,
62,61,brayann-pereira,,,,,,,,,,,,,,,,,
72,73,birama-touré,,,,,,,,,,,,,,,,,
71,69,rayan-raveloson,,,,,,,,,,,,,,,,,
72,71,gaëtan-perrin,,,,,,,,,,,,,,,,,
71,71,hamza-sakhi,,,,,,,,,,,,,,,,,
67,69,youssouf-m'changama,,,,,,,,,,,,,,,,,
70,71,mathias-autret,,,,,,,,,,,,,,,,,
70,70,rémy-dugimont,,,,,,,,,,,,,,,,,
74,70,gauthier-hein,,,,,,,,,,,,,,,,,
70,64,lassine-sinayoko,,,,,,,,,,,,,,,,,
72,71,m'baye-niang,,,,,,,,,,,,,,,,,
72,72,gaëtan-charbonnier,,,,,,,,,,,,,,,,,
69,72,benjamin-leroy,,,,,,,,,,,,,,,,,
67,67,françois-joseph-sollacaro,,,,,,,,,,,,,,,,,
60,58,ghjuvanni-quilichini,,,,,,,,,,,,,,,,,
70,70,oumar-gonzalez,,,,,,,,,,,,,,,,,
68,69,clément-vidal,,,,,,,,,,,,,,,,,
69,69,fernand-mayembo,,,,,,,,,,,,,,,,,
69,69,cédric-avinel,,,,,,,,,,,,,,,,,
65,69,youssouf-koné,,,,,,,,,,,,,,,,,
70,70,mickaël-alphonse,,,,,,,,,,,,,,,,,
69,68,mohamed-youssouf,,,,,,,,,,,,,,,,,
69,70,vincent-marchetti,,,,,,,,,,,,,,,,,
75,73,qazim-laçi,,,,,,,,,,,,,,,,,
69,70,thomas-mangani,,,,,,,,,,,,,,,,,
69,69,mathieu-coutadeur,,,,,,,,,,,,,,,,,
69,69,yanis-cimignani,,,,,,,,,,,,,,,,,
,,mickaël-barreto,,,,,,,,,,,,,,,,,
75,75,youcef-belaïli,,,,,,,,,,,,,,,,,
66,67,kevin-spadanuda,,,,,,,,,,,,,,,,,
69,69,cyrille-bayala,,,,,,,,,,,,,,,,,
67,70,riad-nouri,,,,,,,,,,,,,,,,,
66,68,bevic-moussiti-oko,,,,,,,,,,,,,,,,,
72,72,romain-hamouma,,,,,,,,,,,,,,,,,
65,67,yoann-touzghar,,,,,,,,,,,,,,,,,
86,87,manuel-neuer,90,90,89,88,90,92,92,90,90,86,87,86,85,83,81,80,64
74,74,sven-ulreich,,,,,,,,,,,,,,,,,
84,86,matthijs-de-ligt,,,,,,,,,,,,,,,,,
82,82,dayot-upamecano,,,,,,,,,,,,,,,,,
,,lucas-hernández,,,,,,,,,,,,,,,,,
82,83,alphonso-davies,,,,,,,,,,,,,,,,,
84,83,benjamin-pavard,,,,,,,,,,,,,,,,,
81,82,noussair-mazraoui,,,,,,,,,,,,,,,,,
86,88,joshua-kimmich,89,89,88,86,85,81,78,70,63,,,,,,,,
83,85,leon-goretzka,,,,,,,,,,,,,,,,,
78,79,ryan-gravenberch,,,,,,,,,,,,,,,,,
84,80,marcel-sabitzer,,,,,,,,,,,,,,,,,
87,86,jamal-musiala,,,,,,,,,,,,,,,,,
68,68,paul-wanner,,,,,,,,,,,,,,,,,
85,84,leroy-sané,,,,,,,,,,,,,,,,,
84,86,sadio-mané,,,,,,,,,,,,,,,,,
82,84,serge-gnabry,,,,,,,,,,,,,,,,,
84,85,kingsley-coman,,,,,,,,,,,,,,,,,
82,84,thomas-müller,,,,,,,,,,,,,,,,,
77,71,mathys-tel,,,,,,,,,,,,,,,,,
77,78,eric-maxim-choupo-moting,,,,,,,,,,,,,,,,,
88,87,gregor-kobel,,,,,,,,,,,,,,,,,
75,74,alexander-meyer,,,,,,,,,,,,,,,,,
82,84,niklas-süle,,,,,,,,,,,,,,,,,
85,83,nico-schlotterbeck,,,,,,,,,,,,,,,,,
84,83,mats-hummels,,,,,,,,,,,,,,,,,
67,67,antonios-papadopoulos,,,,,,,,,,,,,,,,,
82,82,raphaël-guerreiro,,,,,,,,,,,,,,,,,
72,65,tom-rothe,,,,,,,,,,,,,,,,,
75,78,marius-wolf,,,,,,,,,,,,,,,,,
76,76,thomas-meunier,,,,,,,,,,,,,,,,,
69,70,felix-passlack,,,,,,,,,,,,,,,,,
76,78,salih-özcan,,,,,,,,,,,,,,,,,
82,83,emre-can,,,,,,,,,,,,,,,,,
90,86,jude-bellingham,,,,,,,,,,,,,,,,,
76,78,mahmoud-dahoud,,,,,,,,,,,,,,,,,
85,84,julian-brandt,,,,,,,,,,,,,,,,,
82,83,marco-reus,,,,,,,,,,,,,,,,,
83,82,donyell-malen,,,,,,,,,,,,,,,,,
77,78,thorgan-hazard,,,,,,,,,,,,,,,,,
79,80,karim-adeyemi,,,,,,,,,,,,,,,,,
75,71,jamie-bynoe-gittens,,,,,,,,,,,,,,,,,
77,77,youssoufa-moukoko,,,,,,,,,,,,,,,,,
75,75,anthony-modeste,,,,,,,,,,,,,,,,,
82,84,péter-gulácsi,,,,,,,,,,,,,,,,,
77,77,janis-blaswich,,,,,,,,,,,,,,,,,
80,79,mohamed-simakan,,,,,,,,,,,,,,,,,
78,78,abdou-diallo,,,,,,,,,,,,,,,,,
81,78,david-raum,,,,,,,,,,,,,,,,,
76,76,marcel-halstenberg,,,,,,,,,,,,,,,,,
62,61,sanoussy-ba,,,,,,,,,,,,,,,,,
81,78,benjamin-henrichs,,,,,,,,,,,,,,,,,
79,79,lukas-klostermann,,,,,,,,,,,,,,,,,
83,83,konrad-laimer,,,,,,,,,,,,,,,,,
81,81,xaver-schlager,,,,,,,,,,,,,,,,,
80,78,amadou-haidara,,,,,,,,,,,,,,,,,
78,79,kevin-kampl,,,,,,,,,,,,,,,,,
84,83,dani-olmo,,,,,,,,,,,,,,,,,
81,82,dominik-szoboszlai,,,,,,,,,,,,,,,,,
79,80,emil-forsberg,,,,,,,,,,,,,,,,,
69,70,hugo-novoa,,,,,,,,,,,,,,,,,
84,86,christopher-nkunku,,,,,,,,,,,,,,,,,
80,82,timo-werner,,,,,,,,,,,,,,,,,
80,80,andré-silva,,,,,,,,,,,,,,,,,
77,76,yussuf-poulsen,,,,,,,,,,,,,,,,,
83,81,edmond-tapsoba,,,,,,,,,,,,,,,,,
81,79,piero-hincapié,,,,,,,,,,,,,,,,,
86,81,jonathan-tah,,,,,,,,,,,,,,,,,
72,74,mitchel-bakker,,,,,,,,,,,,,,,,,
72,72,daley-sinkgraven,,,,,,,,,,,,,,,,,
84,83,jeremie-frimpong,,,,,,,,,,,,,,,,,
72,72,timothy-fosu-mensah,,,,,,,,,,,,,,,,,
65,64,ayman-azhil,,,,,,,,,,,,,,,,,
84,80,exequiel-palacios,,,,,,,,,,,,,,,,,
78,79,kerem-demirbay,,,,,,,,,,,,,,,,,
83,82,robert-andrich,,,,,,,,,,,,,,,,,
78,77,nadiem-amiri,,,,,,,,,,,,,,,,,
79,79,charles-aránguiz,,,,,,,,,,,,,,,,,
83,84,moussa-diaby,,,,,,,,,,,,,,,,,
77,75,callum-hudson-odoi,,,,,,,,,,,,,,,,,
71,70,paulinho,,,,,,,,,,,,,,,,,
78,77,amine-adli,,,,,,,,,,,,,,,,,
76,76,karim-bellarabi,,,,,,,,,,,,,,,,,
82,83,patrik-schick,,,,,,,,,,,,,,,,,
79,78,sardar-azmoun,,,,,,,,,,,,,,,,,
82,85,kevin-trapp,,,,,,,,,,,,,,,,,
76,76,tuta,,,,,,,,,,,,,,,,,
69,73,almamy-touré,,,,,,,,,,,,,,,,,
73,73,makoto-hasebe,,,,,,,,,,,,,,,,,
75,74,luca-pellegrini,,,,,,,,,,,,,,,,,
73,73,christopher-lenz,,,,,,,,,,,,,,,,,
,,timothy-chandler,,,,,,,,,,,,,,,,,
78,78,djibril-sow,,,,,,,,,,,,,,,,,
76,75,junior-dina-ebimbe,,,,,,,,,,,,,,,,,
79,79,sebastian-rode,,,,,,,,,,,,,,,,,
62,62,marcel-wenig,,,,,,,,,,,,,,,,,
81,81,daichi-kamada,,,,,,,,,,,,,,,,,
80,82,mario-götze,,,,,,,,,,,,,,,,,
69,69,faride-alidou,,,,,,,,,,,,,,,,,
76,75,ansgar-knauff,,,,,,,,,,,,,,,,,
82,84,randal-kolo-muani,,,,,,,,,,,,,,,,,
76,76,rafael-borré,,,,,,,,,,,,,,,,,
75,75,lucas-alario,,,,,,,,,,,,,,,,,
87,84,yann-sommer,,,,,,,,,,,,,,,,,
68,70,tobias-sippel,,,,,,,,,,,,,,,,,
76,77,nico-elvedi,,,,,,,,,,,,,,,,,
73,75,marvin-friedrich,,,,,,,,,,,,,,,,,
76,77,ko-itakura,,,,,,,,,,,,,,,,,
71,71,tony-jantschke,,,,,,,,,,,,,,,,,
78,80,ramy-bensebaini,,,,,,,,,,,,,,,,,
74,73,luca-netz,,,,,,,,,,,,,,,,,
74,74,joe-scally,,,,,,,,,,,,,,,,,
73,75,stefan-lainer,,,,,,,,,,,,,,,,,
79,80,julian-weigl,,,,,,,,,,,,,,,,,
75,77,christoph-kramer,,,,,,,,,,,,,,,,,
76,79,florian-neuhaus,,,,,,,,,,,,,,,,,
74,65,rocco-reitz,,,,,,,,,,,,,,,,,
71,71,hannes-wolf,,,,,,,,,,,,,,,,,
78,78,lars-stindl,,,,,,,,,,,,,,,,,
64,64,yvandro-borges-sanches,,,,,,,,,,,,,,,,,
82,83,jonas-hofmann,,,,,,,,,,,,,,,,,
70,71,patrick-herrmann,,,,,,,,,,,,,,,,,
83,79,marcus-thuram,,,,,,,,,,,,,,,,,
82,84,koen-casteels,,,,,,,,,,,,,,,,,
76,76,maxence-lacroix,,,,,,,,,,,,,,,,,
74,76,sebastiaan-bornauw,,,,,,,,,,,,,,,,,
76,76,paulo-otávio,,,,,,,,,,,,,,,,,
74,76,jérôme-roussillon,,,,,,,,,,,,,,,,,
77,79,ridle-baku,,,,,,,,,,,,,,,,,
72,71,kilian-fischer,,,,,,,,,,,,,,,,,
74,74,josuha-guilavogui,,,,,,,,,,,,,,,,,
80,81,maximilian-arnold,,,,,,,,,,,,,,,,,
77,76,mattias-svanberg,,,,,,,,,,,,,,,,,
76,77,yannick-gerhardt,,,,,,,,,,,,,,,,,
73,69,kevin-paredes,,,,,,,,,,,,,,,,,
76,76,josip-brekalo,,,,,,,,,,,,,,,,,
79,75,omar-marmoush,,,,,,,,,,,,,,,,,
77,78,patrick-wimmer,,,,,,,,,,,,,,,,,
72,74,luca-waldschmidt,,,,,,,,,,,,,,,,,
71,74,maximilian-philipp,,,,,,,,,,,,,,,,,
76,76,max-kruse,,,,,,,,,,,,,,,,,
77,77,lukas-nmecha,,,,,,,,,,,,,,,,,
78,76,jonas-wind,,,,,,,,,,,,,,,,,
79,82,mark-flekken,,,,,,,,,,,,,,,,,
79,79,philipp-lienhart,,,,,,,,,,,,,,,,,
82,84,matthias-ginter,,,,,,,,,,,,,,,,,
75,72,keven-schlotterbeck,,,,,,,,,,,,,,,,,
73,73,manuel-gulde,,,,,,,,,,,,,,,,,
78,79,christian-günter,,,,,,,,,,,,,,,,,
73,72,kiliann-sildillia,,,,,,,,,,,,,,,,,
72,70,hugo-siquet,,,,,,,,,,,,,,,,,
74,75,lukas-kübler,,,,,,,,,,,,,,,,,
71,71,yannik-keitel,,,,,,,,,,,,,,,,,
75,76,nicolas-höfler,,,,,,,,,,,,,,,,,
75,75,maximilian-eggestein,,,,,,,,,,,,,,,,,
70,66,robert-wagner,,,,,,,,,,,,,,,,,
80,82,vincenzo-grifo,,,,,,,,,,,,,,,,,
72,69,noah-weißhaupt,,,,,,,,,,,,,,,,,
72,72,kevin-schade,,,,,,,,,,,,,,,,,
77,76,roland-sallai,,,,,,,,,,,,,,,,,
78,78,ritsu-doan,,,,,,,,,,,,,,,,,
,,michael-gregoritsch,,,,,,,,,,,,,,,,,
73,74,lucas-höler,,,,,,,,,,,,,,,,,
73,73,nils-petersen,,,,,,,,,,,,,,,,,
82,80,oliver-baumann,,,,,,,,,,,,,,,,,
76,75,ozan-kabak,,,,,,,,,,,,,,,,,
74,74,kevin-akpoguma,,,,,,,,,,,,,,,,,
75,76,kevin-vogt,,,,,,,,,,,,,,,,,
77,79,angeliño,,,,,,,,,,,,,,,,,
78,73,angelo-stiller,,,,,,,,,,,,,,,,,
,,sebastian-rudy,,,,,,,,,,,,,,,,,
74,75,dennis-geiger,,,,,,,,,,,,,,,,,
76,76,grischa-prömel,,,,,,,,,,,,,,,,,
71,70,finn-ole-becker,,,,,,,,,,,,,,,,,
80,79,christoph-baumgartner,,,,,,,,,,,,,,,,,
64,64,muhammed-damar,,,,,,,,,,,,,,,,,
68,66,tom-bischof,,,,,,,,,,,,,,,,,
73,73,jacob-bruun-larsen,,,,,,,,,,,,,,,,,
74,74,robert-skov,,,,,,,,,,,,,,,,,
75,72,georginio-rutter,,,,,,,,,,,,,,,,,
65,62,fisnik-asllani,,,,,,,,,,,,,,,,,
72,72,florian-müller,,,,,,,,,,,,,,,,,
78,78,konstantinos-mavropanos,,,,,,,,,,,,,,,,,
79,75,hiroki-ito,,,,,,,,,,,,,,,,,
77,74,dan-axel-zagadou,,,,,,,,,,,,,,,,,
81,75,waldemar-anton,,,,,,,,,,,,,,,,,
75,77,borna-sosa,,,,,,,,,,,,,,,,,
75,73,josha-vagnoman,,,,,,,,,,,,,,,,,
71,69,pascal-stenzel,,,,,,,,,,,,,,,,,
80,80,wataru-endo,,,,,,,,,,,,,,,,,
69,70,naouirou-ahamada,,,,,,,,,,,,,,,,,
75,73,atakan-karazor,,,,,,,,,,,,,,,,,
77,71,enzo-millot,,,,,,,,,,,,,,,,,
68,69,nikolas-nartey,,,,,,,,,,,,,,,,,
67,65,lilian-egloff,,,,,,,,,,,,,,,,,
70,69,tanguy-coulibaly,,,,,,,,,,,,,,,,,
79,73,chris-führich,,,,,,,,,,,,,,,,,
73,74,tiago-tomás,,,,,,,,,,,,,,,,,
69,68,luca-pfeiffer,,,,,,,,,,,,,,,,,
63,63,thomas-kastanaras,,,,,,,,,,,,,,,,,
69,69,lennart-grill,,,,,,,,,,,,,,,,,
75,76,diogo-leite,,,,,,,,,,,,,,,,,
72,74,paul-jaeckel,,,,,,,,,,,,,,,,,
69,73,timo-baumgartl,,,,,,,,,,,,,,,,,
74,77,robin-knoche,,,,,,,,,,,,,,,,,
78,78,danilho-doekhi,,,,,,,,,,,,,,,,,
71,73,niko-gießelmann,,,,,,,,,,,,,,,,,
70,69,tymoteusz-puchacz,,,,,,,,,,,,,,,,,
79,77,julian-ryerson,,,,,,,,,,,,,,,,,
75,77,christopher-trimmel,,,,,,,,,,,,,,,,,
75,76,rani-khedira,,,,,,,,,,,,,,,,,
72,74,morten-thorsby,,,,,,,,,,,,,,,,,
74,72,andrás-schäfer,,,,,,,,,,,,,,,,,
74,75,janik-haberer,,,,,,,,,,,,,,,,,
70,72,paul-seguin,,,,,,,,,,,,,,,,,
70,72,genki-haraguchi,,,,,,,,,,,,,,,,,
73,71,tim-skarke,,,,,,,,,,,,,,,,,
76,78,sheraldo-becker,,,,,,,,,,,,,,,,,
74,72,jamie-leweling,,,,,,,,,,,,,,,,,
71,72,sven-michel,,,,,,,,,,,,,,,,,
73,74,kevin-behrens,,,,,,,,,,,,,,,,,
75,76,robin-zentner,,,,,,,,,,,,,,,,,
72,72,maxim-leitsch,,,,,,,,,,,,,,,,,
72,75,stefan-bell,,,,,,,,,,,,,,,,,
72,72,alexander-hack,,,,,,,,,,,,,,,,,
,,aarón-martín,,,,,,,,,,,,,,,,,
74,76,anthony-caci,,,,,,,,,,,,,,,,,
74,76,silvan-widmer,,,,,,,,,,,,,,,,,
73,74,danny-da-costa,,,,,,,,,,,,,,,,,
77,75,anton-stach,,,,,,,,,,,,,,,,,
67,68,niklas-tauer,,,,,,,,,,,,,,,,,
75,77,dominik-kohr,,,,,,,,,,,,,,,,,
73,73,edimilson-fernandes,,,,,,,,,,,,,,,,,
71,71,aymen-barkok,,,,,,,,,,,,,,,,,
75,76,angelo-fulgini,,,,,,,,,,,,,,,,,
68,69,delano-burgzorg,,,,,,,,,,,,,,,,,
76,74,jonathan-burkardt,,,,,,,,,,,,,,,,,
73,76,karim-onisiwo,,,,,,,,,,,,,,,,,
73,75,marcus-ingvartsen,,,,,,,,,,,,,,,,,
66,66,nelson-weiper,,,,,,,,,,,,,,,,,
73,73,oliver-christensen,,,,,,,,,,,,,,,,,
70,71,agustín-rogel,,,,,,,,,,,,,,,,,
71,72,márton-dárdai,,,,,,,,,,,,,,,,,
79,74,maximilian-mittelstädt,,,,,,,,,,,,,,,,,
74,74,marvin-plattenhardt,,,,,,,,,,,,,,,,,
72,74,jonjoe-kenny,,,,,,,,,,,,,,,,,
76,77,lucas-tousart,,,,,,,,,,,,,,,,,
77,76,suat-serdar,,,,,,,,,,,,,,,,,
,,jean-paul-boëtius,,,,,,,,,,,,,,,,,
73,73,kevin-prince-boateng,,,,,,,,,,,,,,,,,
76,75,chidera-ejuke,,,,,,,,,,,,,,,,,
71,70,myziane-maolida,,,,,,,,,,,,,,,,,
73,75,marco-richter,,,,,,,,,,,,,,,,,
72,69,wilfried-kanga,,,,,,,,,,,,,,,,,
73,73,davie-selke,,,,,,,,,,,,,,,,,
65,64,derry-scherhant,,,,,,,,,,,,,,,,,
73,74,reece-oxford,,,,,,,,,,,,,,,,,
76,75,jeffrey-gouweleeuw,,,,,,,,,,,,,,,,,
72,73,maximilian-bauer,,,,,,,,,,,,,,,,,
64,64,frederik-winther,,,,,,,,,,,,,,,,,
75,75,iago,,,,,,,,,,,,,,,,,
73,72,mads-pedersen,,,,,,,,,,,,,,,,,
71,71,robert-gumny,,,,,,,,,,,,,,,,,
68,68,raphael-framberger,,,,,,,,,,,,,,,,,
72,73,carlos-gruezo,,,,,,,,,,,,,,,,,
73,73,julian-baumgartlinger,,,,,,,,,,,,,,,,,
76,75,arne-maier,,,,,,,,,,,,,,,,,
74,71,fredrik-jensen,,,,,,,,,,,,,,,,,
74,74,andré-hahn,,,,,,,,,,,,,,,,,
73,73,daniel-caligiuri,,,,,,,,,,,,,,,,,
68,68,lukas-petkov,,,,,,,,,,,,,,,,,
78,78,mergim-berisha,,,,,,,,,,,,,,,,,
70,72,florian-niederlechner,,,,,,,,,,,,,,,,,
77,77,marvin-schwäbe,,,,,,,,,,,,,,,,,
75,77,timo-hübers,,,,,,,,,,,,,,,,,
71,72,luca-kilian,,,,,,,,,,,,,,,,,
77,75,julian-chabot,,,,,,,,,,,,,,,,,
67,68,nikola-soldo,,,,,,,,,,,,,,,,,
78,78,jonas-hector,,,,,,,,,,,,,,,,,
67,69,kristian-pedersen,,,,,,,,,,,,,,,,,
71,74,benno-schmitz,,,,,,,,,,,,,,,,,
69,69,kingsley-schindler,,,,,,,,,,,,,,,,,
81,81,ellyes-skhiri,,,,,,,,,,,,,,,,,
74,76,dejan-ljubicic,,,,,,,,,,,,,,,,,
75,74,eric-martel,,,,,,,,,,,,,,,,,
70,69,denis-huseinbasic,,,,,,,,,,,,,,,,,
66,66,mathias-olesen,,,,,,,,,,,,,,,,,
74,74,ondrej-duda,,,,,,,,,,,,,,,,,
76,78,florian-kainz,,,,,,,,,,,,,,,,,
72,72,jan-thielmann,,,,,,,,,,,,,,,,,
72,74,linton-maina,,,,,,,,,,,,,,,,,
73,76,mark-uth,,,,,,,,,,,,,,,,,
67,69,steffen-tigges,,,,,,,,,,,,,,,,,
67,70,sargis-adamyan,,,,,,,,,,,,,,,,,
69,66,tim-lemperle,,,,,,,,,,,,,,,,,
64,64,florian-dietz,,,,,,,,,,,,,,,,,
76,68,michael-zetterer,,,,,,,,,,,,,,,,,
75,74,marco-friedl,,,,,,,,,,,,,,,,,
74,74,amos-pieper,,,,,,,,,,,,,,,,,
73,73,miloš-veljković,,,,,,,,,,,,,,,,,
74,74,niklas-stark,,,,,,,,,,,,,,,,,
64,62,fabio-chiarodia,,,,,,,,,,,,,,,,,
70,68,lee-buchanan,,,,,,,,,,,,,,,,,
73,72,anthony-jung,,,,,,,,,,,,,,,,,
77,77,mitchell-weiser,,,,,,,,,,,,,,,,,
72,70,felix-agu,,,,,,,,,,,,,,,,,
73,72,ilia-gruev,,,,,,,,,,,,,,,,,
69,69,christian-groß,,,,,,,,,,,,,,,,,
75,74,jens-stage,,,,,,,,,,,,,,,,,
68,69,nicolai-rapp,,,,,,,,,,,,,,,,,
75,73,romano-schmid,,,,,,,,,,,,,,,,,
73,73,leonardo-bittencourt,,,,,,,,,,,,,,,,,
72,71,niklas-schmidt,,,,,,,,,,,,,,,,,
77,77,marvin-ducksch,,,,,,,,,,,,,,,,,
82,80,niclas-füllkrug,,,,,,,,,,,,,,,,,
67,69,oliver-burke,,,,,,,,,,,,,,,,,
70,70,alexander-schwolow,,,,,,,,,,,,,,,,,
77,72,sepp-van-den-berg,,,,,,,,,,,,,,,,,
67,67,leo-greiml,,,,,,,,,,,,,,,,,
68,68,timothée-kolodziejczak,,,,,,,,,,,,,,,,,
72,73,maya-yoshida,,,,,,,,,,,,,,,,,
71,72,thomas-ouwejan,,,,,,,,,,,,,,,,,
66,67,kerim-calhanoglu,,,,,,,,,,,,,,,,,
,,cédric-brunner,,,,,,,,,,,,,,,,,
68,70,henning-matriciani,,,,,,,,,,,,,,,,,
69,69,florian-flick,,,,,,,,,,,,,,,,,
75,74,tom-krauß,,,,,,,,,,,,,,,,,
67,69,danny-latza,,,,,,,,,,,,,,,,,
76,74,rodrigo-zalazar,,,,,,,,,,,,,,,,,
73,73,florent-mollet,,,,,,,,,,,,,,,,,
68,72,dominick-drexler,,,,,,,,,,,,,,,,,
75,75,marius-bülter,,,,,,,,,,,,,,,,,
68,70,tobias-mohr,,,,,,,,,,,,,,,,,
71,74,jordan-larsson,,,,,,,,,,,,,,,,,
71,72,sebastian-polter,,,,,,,,,,,,,,,,,
73,70,kenan-karaman,,,,,,,,,,,,,,,,,
74,74,simon-terodde,,,,,,,,,,,,,,,,,
76,77,manuel-riemann,,,,,,,,,,,,,,,,,
74,74,ivan-ordets,,,,,,,,,,,,,,,,,
71,71,dominique-heintz,,,,,,,,,,,,,,,,,
69,65,tim-oermann,,,,,,,,,,,,,,,,,
,,danilo-soares,,,,,,,,,,,,,,,,,
68,70,jannes-horn,,,,,,,,,,,,,,,,,
67,67,jordi-osei-tutu,,,,,,,,,,,,,,,,,
69,69,saidy-janko,,,,,,,,,,,,,,,,,
70,72,cristian-gamboa,,,,,,,,,,,,,,,,,
74,74,anthony-losilla,,,,,,,,,,,,,,,,,
74,72,patrick-osterhage,,,,,,,,,,,,,,,,,
77,75,kevin-stöger,,,,,,,,,,,,,,,,,
71,73,philipp-förster,,,,,,,,,,,,,,,,,
69,70,gerrit-holtmann,,,,,,,,,,,,,,,,,
72,73,christopher-antwi-adjei,,,,,,,,,,,,,,,,,
74,74,takuma-asano,,,,,,,,,,,,,,,,,
73,74,philipp-hofmann,,,,,,,,,,,,,,,,,
69,72,simon-zoller,,,,,,,,,,,,,,,,,
87,87,mike-maignan,,,,,,,,,,,,,,,,,
83,84,fikayo-tomori,,,,,,,,,,,,,,,,,
78,78,pierre-kalulu,,,,,,,,,,,,,,,,,
77,73,matteo-gabbia,,,,,,,,,,,,,,,,,
78,77,malick-thiaw,,,,,,,,,,,,,,,,,
87,85,theo-hernández,,,,,,,,,,,,,,,,,
70,72,fodé-ballo-touré,,,,,,,,,,,,,,,,,
80,81,davide-calabria,,,,,,,,,,,,,,,,,
79,76,sergiño-dest,,,,,,,,,,,,,,,,,
76,78,alessandro-florenzi,,,,,,,,,,,,,,,,,
85,86,sandro-tonali,,,,,,,,,,,,,,,,,
83,84,ismaël-bennacer,,,,,,,,,,,,,,,,,
74,76,tommaso-pobega,,,,,,,,,,,,,,,,,
75,73,aster-vranckx,,,,,,,,,,,,,,,,,
79,76,charles-de-ketelaere,,,,,,,,,,,,,,,,,
,,brahim-díaz,,,,,,,,,,,,,,,,,
77,73,yacine-adli,,,,,,,,,,,,,,,,,
89,86,rafael-leão,,,,,,,,,,,,,,,,,
78,78,alexis-saelemaekers,,,,,,,,,,,,,,,,,
75,78,junior-messias,,,,,,,,,,,,,,,,,
73,75,divock-origi,,,,,,,,,,,,,,,,,
83,82,olivier-giroud,,,,,,,,,,,,,,,,,
65,65,marko-lazetić,,,,,,,,,,,,,,,,,
83,85,andré-onana,,,,,,,,,,,,,,,,,
87,85,alessandro-bastoni,,,,,,,,,,,,,,,,,
83,82,stefan-de-vrij,,,,,,,,,,,,,,,,,
84,83,francesco-acerbi,,,,,,,,,,,,,,,,,
75,77,danilo-d'ambrosio,,,,,,,,,,,,,,,,,
84,82,federico-dimarco,,,,,,,,,,,,,,,,,
76,73,raoul-bellanova,,,,,,,,,,,,,,,,,
81,80,matteo-darmian,,,,,,,,,,,,,,,,,
75,74,kristjan-asllani,,,,,,,,,,,,,,,,,
87,86,nicolò-barella,,,,,,,,,,,,,,,,,
74,74,roberto-gagliardini,,,,,,,,,,,,,,,,,
82,81,denzel-dumfries,,,,,,,,,,,,,,,,,
79,79,robin-gosens,,,,,,,,,,,,,,,,,
83,81,henrikh-mkhitaryan,,,,,,,,,,,,,,,,,
74,77,joaquín-correa,,,,,,,,,,,,,,,,,
89,87,lautaro-martínez,,,,,,,,,,,,,,,,,
82,84,romelu-lukaku,,,,,,,,,,,,,,,,,
81,83,alex-meret,,,,,,,,,,,,,,,,,
80,81,amir-rrahmani,,,,,,,,,,,,,,,,,
74,76,juan-jesus,,,,,,,,,,,,,,,,,
77,78,mathías-olivera,,,,,,,,,,,,,,,,,
79,81,mário-rui,,,,,,,,,,,,,,,,,
82,85,giovanni-di-lorenzo,,,,,,,,,,,,,,,,,
72,71,alessandro-zanoli,,,,,,,,,,,,,,,,,
82,84,stanislav-lobotka,,,,,,,,,,,,,,,,,
73,76,diego-demme,,,,,,,,,,,,,,,,,
73,71,gianluca-gaetano,,,,,,,,,,,,,,,,,
85,86,khvicha-kvaratskhelia,,,,,,,,,,,,,,,,,
71,71,alessio-zerbin,,,,,,,,,,,,,,,,,
78,81,hirving-lozano,,,,,,,,,,,,,,,,,
80,81,matteo-politano,,,,,,,,,,,,,,,,,
78,79,giacomo-raspadori,,,,,,,,,,,,,,,,,
87,88,victor-osimhen,,,,,,,,,,,,,,,,,
77,78,giovanni-simeone,,,,,,,,,,,,,,,,,
79,79,mattia-perin,,,,,,,,,,,,,,,,,
78,76,federico-gatti,,,,,,,,,,,,,,,,,
79,80,leonardo-bonucci,,,,,,,,,,,,,,,,,
76,76,daniele-rugani,,,,,,,,,,,,,,,,,
76,76,mattia-de-sciglio,,,,,,,,,,,,,,,,,
77,78,alex-sandro,,,,,,,,,,,,,,,,,
82,81,danilo,,,,,,,,,,,,,,,,,
83,82,manuel-locatelli,,,,,,,,,,,,,,,,,
78,77,leandro-paredes,,,,,,,,,,,,,,,,,
78,76,weston-mckennie,,,,,,,,,,,,,,,,,
84,84,adrien-rabiot,,,,,,,,,,,,,,,,,
74,75,fabio-miretti,,,,,,,,,,,,,,,,,
76,77,nicolò-fagioli,,,,,,,,,,,,,,,,,
79,80,juan-cuadrado,,,,,,,,,,,,,,,,,
82,83,filip-kostić,,,,,,,,,,,,,,,,,
84,84,federico-chiesa,,,,,,,,,,,,,,,,,
83,83,ángel-di-maría,,,,,,,,,,,,,,,,,
84,83,dušan-vlahović,,,,,,,,,,,,,,,,,
78,78,moise-kean,,,,,,,,,,,,,,,,,
81,81,arkadiusz-milik,,,,,,,,,,,,,,,,,
76,81,rui-patrício,,,,,,,,,,,,,,,,,
82,83,gianluca-mancini,,,,,,,,,,,,,,,,,
74,75,marash-kumbulla,,,,,,,,,,,,,,,,,
82,84,chris-smalling,,,,,,,,,,,,,,,,,
79,80,leonardo-spinazzola,,,,,,,,,,,,,,,,,
73,73,matías-viña,,,,,,,,,,,,,,,,,
78,78,rick-karsdorp,,,,,,,,,,,,,,,,,
81,81,bryan-cristante,,,,,,,,,,,,,,,,,
80,81,nemanja-matić,,,,,,,,,,,,,,,,,
78,80,georginio-wijnaldum,,,,,,,,,,,,,,,,,
74,74,edoardo-bove,,,,,,,,,,,,,,,,,
77,76,nicola-zalewski,,,,,,,,,,,,,,,,,
83,83,lorenzo-pellegrini,,,,,,,,,,,,,,,,,
78,80,nicolò-zaniolo,,,,,,,,,,,,,,,,,
68,67,cristian-volpato,,,,,,,,,,,,,,,,,
79,78,stephan-el-shaarawy,,,,,,,,,,,,,,,,,
87,86,paulo-dybala,,,,,,,,,,,,,,,,,
78,80,tammy-abraham,,,,,,,,,,,,,,,,,
78,78,andrea-belotti,,,,,,,,,,,,,,,,,
72,72,eldor-shomurodov,,,,,,,,,,,,,,,,,
79,79,juan-musso,,,,,,,,,,,,,,,,,
77,77,marco-sportiello,,,,,,,,,,,,,,,,,
76,77,merih-demiral,,,,,,,,,,,,,,,,,
78,75,giorgio-scalvini,,,,,,,,,,,,,,,,,
78,77,berat-djimsiti,,,,,,,,,,,,,,,,,
72,72,caleb-okoli,,,,,,,,,,,,,,,,,
79,80,rafael-tolói,,,,,,,,,,,,,,,,,
74,74,josé-luis-palomino,,,,,,,,,,,,,,,,,
73,69,matteo-ruggeri,,,,,,,,,,,,,,,,,
77,78,hans-hateboer,,,,,,,,,,,,,,,,,
71,71,brandon-soppy,,,,,,,,,,,,,,,,,
79,79,davide-zappacosta,,,,,,,,,,,,,,,,,
70,67,nadir-zortea,,,,,,,,,,,,,,,,,
83,80,teun-koopmeiners,,,,,,,,,,,,,,,,,
79,80,marten-de-roon,,,,,,,,,,,,,,,,,
80,77,éderson,,,,,,,,,,,,,,,,,
77,78,ruslan-malinovskyi,,,,,,,,,,,,,,,,,
82,81,ademola-lookman,,,,,,,,,,,,,,,,,
83,81,duván-zapata,,,,,,,,,,,,,,,,,
78,79,luis-muriel,,,,,,,,,,,,,,,,,
77,77,luís-maximiano,,,,,,,,,,,,,,,,,
83,82,ivan-provedel,,,,,,,,,,,,,,,,,
83,83,alessio-romagnoli,,,,,,,,,,,,,,,,,
77,79,nicolò-casale,,,,,,,,,,,,,,,,,
,,patric,,,,,,,,,,,,,,,,,
76,64,mario-gila,,,,,,,,,,,,,,,,,
79,79,manuel-lazzari,,,,,,,,,,,,,,,,,
74,76,elseid-hysaj,,,,,,,,,,,,,,,,,
77,77,danilo-cataldi,,,,,,,,,,,,,,,,,
85,86,sergej-milinković-savić,,,,,,,,,,,,,,,,,
,,luis-alberto,,,,,,,,,,,,,,,,,
73,73,marcos-antônio,,,,,,,,,,,,,,,,,
78,77,matías-vecino,,,,,,,,,,,,,,,,,
83,82,mattia-zaccagni,,,,,,,,,,,,,,,,,
81,81,felipe-anderson,,,,,,,,,,,,,,,,,
72,72,matteo-cancellieri,,,,,,,,,,,,,,,,,
76,79,pedro,,,,,,,,,,,,,,,,,
72,69,luka-romero,,,,,,,,,,,,,,,,,
82,85,ciro-immobile,,,,,,,,,,,,,,,,,
76,76,pierluigi-gollini,,,,,,,,,,,,,,,,,
79,79,pietro-terracciano,,,,,,,,,,,,,,,,,
79,79,nikola-milenković,,,,,,,,,,,,,,,,,
65,67,igor,,,,,,,,,,,,,,,,,
77,77,lucas-martínez-quarta,,,,,,,,,,,,,,,,,
79,80,cristiano-biraghi,,,,,,,,,,,,,,,,,
74,72,luca-ranieri,,,,,,,,,,,,,,,,,
71,72,aleksa-terzić,,,,,,,,,,,,,,,,,
77,77,dodô,,,,,,,,,,,,,,,,,
71,72,lorenzo-venuti,,,,,,,,,,,,,,,,,
78,80,sofyan-amrabat,,,,,,,,,,,,,,,,,
77,76,rolando-mandragora,,,,,,,,,,,,,,,,,
74,74,alfred-duncan,,,,,,,,,,,,,,,,,
72,72,youssef-maleh,,,,,,,,,,,,,,,,,
79,79,giacomo-bonaventura,,,,,,,,,,,,,,,,,
72,72,marco-benassi,,,,,,,,,,,,,,,,,
75,76,riccardo-saponara,,,,,,,,,,,,,,,,,
80,81,nicolás-gonzález,,,,,,,,,,,,,,,,,
76,76,riccardo-sottil,,,,,,,,,,,,,,,,,
79,77,luka-jović,,,,,,,,,,,,,,,,,
76,77,christian-kouamé,,,,,,,,,,,,,,,,,
75,79,andrea-consigli,,,,,,,,,,,,,,,,,
72,74,martin-erlic,,,,,,,,,,,,,,,,,
72,72,gian-marco-ferrari,,,,,,,,,,,,,,,,,
75,72,kaan-ayhan,,,,,,,,,,,,,,,,,
74,73,rogério,,,,,,,,,,,,,,,,,
68,68,riccardo-marchizza,,,,,,,,,,,,,,,,,
74,72,mert-müldür,,,,,,,,,,,,,,,,,
72,72,jeremy-toljan,,,,,,,,,,,,,,,,,
81,80,davide-frattesi,,,,,,,,,,,,,,,,,
75,75,matheus-henrique,,,,,,,,,,,,,,,,,
73,72,abdou-harroui,,,,,,,,,,,,,,,,,
71,72,pedro-obiang,,,,,,,,,,,,,,,,,
75,76,hamed-junior-traorè,,,,,,,,,,,,,,,,,
73,73,kristian-thorstvedt,,,,,,,,,,,,,,,,,
83,85,domenico-berardi,,,,,,,,,,,,,,,,,
67,65,luca-d'andrea,,,,,,,,,,,,,,,,,
73,74,andrea-pinamonti,,,,,,,,,,,,,,,,,
67,68,janis-antiste,,,,,,,,,,,,,,,,,
72,73,grégoire-defrel,,,,,,,,,,,,,,,,,
77,76,vanja-milinković-savić,,,,,,,,,,,,,,,,,
79,79,perr-schuurs,,,,,,,,,,,,,,,,,
73,73,david-zima,,,,,,,,,,,,,,,,,
80,77,alessandro-buongiorno,,,,,,,,,,,,,,,,,
77,74,ricardo-rodríguez,,,,,,,,,,,,,,,,,
73,73,koffi-djidji,,,,,,,,,,,,,,,,,
73,72,valentino-lazaro,,,,,,,,,,,,,,,,,
71,72,mërgim-vojvoda,,,,,,,,,,,,,,,,,
75,73,ola-aina,,,,,,,,,,,,,,,,,
77,76,samuele-ricci,,,,,,,,,,,,,,,,,
75,77,saša-lukić,,,,,,,,,,,,,,,,,
74,74,karol-linetty,,,,,,,,,,,,,,,,,
75,75,nemanja-radonjić,,,,,,,,,,,,,,,,,
72,73,yann-karamoh,,,,,,,,,,,,,,,,,
66,64,demba-seck,,,,,,,,,,,,,,,,,
77,77,antonio-sanabria,,,,,,,,,,,,,,,,,
68,68,pietro-pellegri,,,,,,,,,,,,,,,,,
76,79,marco-silvestri,,,,,,,,,,,,,,,,,
75,75,jaka-bijol,,,,,,,,,,,,,,,,,
78,77,rodrigo-becão,,,,,,,,,,,,,,,,,
75,76,nehuén-pérez,,,,,,,,,,,,,,,,,
72,72,bram-nuytinck,,,,,,,,,,,,,,,,,
71,71,enzo-ebosse,,,,,,,,,,,,,,,,,
72,73,adam-masina,,,,,,,,,,,,,,,,,
69,68,festy-ebosele,,,,,,,,,,,,,,,,,
70,71,kingsley-ehizibue,,,,,,,,,,,,,,,,,
75,75,walace,,,,,,,,,,,,,,,,,
71,71,mato-jajalo,,,,,,,,,,,,,,,,,
71,73,jean-victor-makengo,,,,,,,,,,,,,,,,,
78,78,roberto-pereyra,,,,,,,,,,,,,,,,,
,,tolgay-arslan,,,,,,,,,,,,,,,,,
75,73,lazar-samardzic,,,,,,,,,,,,,,,,,
79,80,gerard-deulofeu,,,,,,,,,,,,,,,,,
55,55,beto,,,,,,,,,,,,,,,,,
72,73,isaac-success,,,,,,,,,,,,,,,,,
,,ilija-nestorovski,,,,,,,,,,,,,,,,,
,,jhon-lucumí,,,,,,,,,,,,,,,,,
78,77,stefan-posch,,,,,,,,,,,,,,,,,
72,73,adama-soumaoro,,,,,,,,,,,,,,,,,
70,71,kevin-bonifazi,,,,,,,,,,,,,,,,,
77,74,andrea-cambiaso,,,,,,,,,,,,,,,,,
66,66,denso-kasius,,,,,,,,,,,,,,,,,
72,73,lorenzo-de-silvestri,,,,,,,,,,,,,,,,,
81,75,jerdy-schouten,,,,,,,,,,,,,,,,,
75,74,nikola-moro,,,,,,,,,,,,,,,,,
73,73,gary-medel,,,,,,,,,,,,,,,,,
77,77,nicolás-domínguez,,,,,,,,,,,,,,,,,
79,75,lewis-ferguson,,,,,,,,,,,,,,,,,
76,73,michel-aebischer,,,,,,,,,,,,,,,,,
77,77,roberto-soriano,,,,,,,,,,,,,,,,,
76,77,musa-barrow,,,,,,,,,,,,,,,,,
74,75,nicola-sansone,,,,,,,,,,,,,,,,,
81,78,riccardo-orsolini,,,,,,,,,,,,,,,,,
71,72,emanuel-vignato,,,,,,,,,,,,,,,,,
79,73,joshua-zirkzee,,,,,,,,,,,,,,,,,
80,79,michele-di-gregorio,,,,,,,,,,,,,,,,,
75,75,marlon,,,,,,,,,,,,,,,,,
,,pablo-marí,,,,,,,,,,,,,,,,,
69,70,andrea-carboni,,,,,,,,,,,,,,,,,
74,74,armando-izzo,,,,,,,,,,,,,,,,,
73,74,luca-caldirola,,,,,,,,,,,,,,,,,
67,66,valentin-antov,,,,,,,,,,,,,,,,,
66,70,luca-marrone,,,,,,,,,,,,,,,,,
74,74,samuele-birindelli,,,,,,,,,,,,,,,,,
71,71,giulio-donati,,,,,,,,,,,,,,,,,
78,77,nicolò-rovella,,,,,,,,,,,,,,,,,
69,71,andrea-barberis,,,,,,,,,,,,,,,,,
78,78,stefano-sensi,,,,,,,,,,,,,,,,,
78,74,andrea-colpani,,,,,,,,,,,,,,,,,
72,69,filippo-ranocchia,,,,,,,,,,,,,,,,,
72,71,mattia-valoti,,,,,,,,,,,,,,,,,
66,63,warren-bondo,,,,,,,,,,,,,,,,,
69,68,salvatore-molina,,,,,,,,,,,,,,,,,
79,78,matteo-pessina,,,,,,,,,,,,,,,,,
59,59,samuele-vignato,,,,,,,,,,,,,,,,,
72,69,marco-d'alessandro,,,,,,,,,,,,,,,,,
77,77,gianluca-caprari,,,,,,,,,,,,,,,,,
77,79,patrick-ciurria,,,,,,,,,,,,,,,,,
73,77,andrea-petagna,,,,,,,,,,,,,,,,,
76,74,dany-mota,,,,,,,,,,,,,,,,,
73,73,luigi-sepe,,,,,,,,,,,,,,,,,
74,73,flavius-daniliuc,,,,,,,,,,,,,,,,,
71,71,matteo-lovato,,,,,,,,,,,,,,,,,
70,71,dylan-bronn,,,,,,,,,,,,,,,,,
71,71,lorenzo-pirola,,,,,,,,,,,,,,,,,
71,71,federico-fazio,,,,,,,,,,,,,,,,,
72,73,pasquale-mazzocchi,,,,,,,,,,,,,,,,,
69,71,junior-sambia,,,,,,,,,,,,,,,,,
74,75,giulio-maggiore,,,,,,,,,,,,,,,,,
70,71,emil-bohinen,,,,,,,,,,,,,,,,,
74,74,lassana-coulibaly,,,,,,,,,,,,,,,,,
74,74,tonny-vilhena,,,,,,,,,,,,,,,,,
73,69,grigoris-kastanos,,,,,,,,,,,,,,,,,
78,79,antonio-candreva,,,,,,,,,,,,,,,,,
79,82,boulaye-dia,,,,,,,,,,,,,,,,,
71,71,federico-bonazzoli,,,,,,,,,,,,,,,,,
70,69,erik-botheim,,,,,,,,,,,,,,,,,
69,69,diego-valencia,,,,,,,,,,,,,,,,,
58,58,julian-kristoffersen,,,,,,,,,,,,,,,,,
84,82,guglielmo-vicario,,,,,,,,,,,,,,,,,
72,66,koni-de-winter,,,,,,,,,,,,,,,,,
70,70,sebastian-walukiewicz,,,,,,,,,,,,,,,,,
77,74,sebastiano-luperto,,,,,,,,,,,,,,,,,
71,72,ardian-ismajli,,,,,,,,,,,,,,,,,
76,77,fabiano-parisi,,,,,,,,,,,,,,,,,
72,71,liberato-cacace,,,,,,,,,,,,,,,,,
74,74,tyronne-ebuehi,,,,,,,,,,,,,,,,,
65,65,duccio-degli-innocenti,,,,,,,,,,,,,,,,,
70,73,filippo-bandinelli,,,,,,,,,,,,,,,,,
70,72,liam-henderson,,,,,,,,,,,,,,,,,
69,71,nicolas-haas,,,,,,,,,,,,,,,,,
71,72,alberto-grassi,,,,,,,,,,,,,,,,,
68,66,jacopo-fazzini,,,,,,,,,,,,,,,,,
74,74,nedim-bajrami,,,,,,,,,,,,,,,,,
76,77,tommaso-baldanzi,,,,,,,,,,,,,,,,,
73,72,marko-pjaca,,,,,,,,,,,,,,,,,
74,74,nicolò-cambiaghi,,,,,,,,,,,,,,,,,
74,71,sam-lammers,,,,,,,,,,,,,,,,,
70,70,mattia-destro,,,,,,,,,,,,,,,,,
63,63,emmanuel-ekong,,,,,,,,,,,,,,,,,
77,77,lorenzo-montipò,,,,,,,,,,,,,,,,,
71,72,koray-günter,,,,,,,,,,,,,,,,,
78,75,isak-hien,,,,,,,,,,,,,,,,,
73,73,federico-ceccherini,,,,,,,,,,,,,,,,,
71,71,diego-coppola,,,,,,,,,,,,,,,,,
75,73,giangiacomo-magnani,,,,,,,,,,,,,,,,,
74,66,juan-cabal,,,,,,,,,,,,,,,,,
72,75,josh-doig,,,,,,,,,,,,,,,,,
75,76,davide-faraoni,,,,,,,,,,,,,,,,,
73,72,fabio-depaoli,,,,,,,,,,,,,,,,,
72,71,martin-hongla,,,,,,,,,,,,,,,,,
71,70,ibrahim-sulemana,,,,,,,,,,,,,,,,,
70,72,miguel-veloso,,,,,,,,,,,,,,,,,
77,76,ivan-ilić,,,,,,,,,,,,,,,,,
71,70,filippo-terracciano,,,,,,,,,,,,,,,,,
74,76,darko-lazović,,,,,,,,,,,,,,,,,
75,75,simone-verdi,,,,,,,,,,,,,,,,,
69,71,ajdin-hrustic,,,,,,,,,,,,,,,,,
66,66,alessandro-cortinovis,,,,,,,,,,,,,,,,,
67,69,yayah-kallon,,,,,,,,,,,,,,,,,
71,74,thomas-henry,,,,,,,,,,,,,,,,,
71,69,roberto-piccoli,,,,,,,,,,,,,,,,,
70,71,kevin-lasagna,,,,,,,,,,,,,,,,,
82,79,marco-carnesecchi,,,,,,,,,,,,,,,,,
75,73,jack-hendry,,,,,,,,,,,,,,,,,
74,70,johan-vásquez,,,,,,,,,,,,,,,,,
69,69,luka-lochoshvili,,,,,,,,,,,,,,,,,
71,71,matteo-bianchetti,,,,,,,,,,,,,,,,,
72,71,emanuele-valeri,,,,,,,,,,,,,,,,,
67,66,giacomo-quagliata,,,,,,,,,,,,,,,,,
73,72,leonardo-sernicola,,,,,,,,,,,,,,,,,
69,69,paolo-ghiglione,,,,,,,,,,,,,,,,,
76,75,santiago-ascacíbar,,,,,,,,,,,,,,,,,
70,69,charles-pickel,,,,,,,,,,,,,,,,,
70,70,michele-castagnetti,,,,,,,,,,,,,,,,,
75,75,soualiho-meïté,,,,,,,,,,,,,,,,,
74,77,gonzalo-escalante,,,,,,,,,,,,,,,,,
65,65,tommaso-milanese,,,,,,,,,,,,,,,,,
69,69,jaime-báez,,,,,,,,,,,,,,,,,
71,71,cristian-buonaiuto,,,,,,,,,,,,,,,,,
72,72,luca-zanimacchia,,,,,,,,,,,,,,,,,
73,73,cyriel-dessers,,,,,,,,,,,,,,,,,
70,72,felix-afena-gyan,,,,,,,,,,,,,,,,,
74,74,david-okereke,,,,,,,,,,,,,,,,,
70,70,frank-tsadjout,,,,,,,,,,,,,,,,,
68,69,daniel-ciofani,,,,,,,,,,,,,,,,,
80,76,wladimiro-falcone,,,,,,,,,,,,,,,,,
76,75,federico-baschirotto,,,,,,,,,,,,,,,,,
75,79,samuel-umtiti,,,,,,,,,,,,,,,,,
66,67,alessandro-tuia,,,,,,,,,,,,,,,,,
66,67,kastriot-dermaku,,,,,,,,,,,,,,,,,
71,73,giuseppe-pezzella,,,,,,,,,,,,,,,,,
74,71,antonino-gallo,,,,,,,,,,,,,,,,,
73,72,valentin-gendrey,,,,,,,,,,,,,,,,,
80,77,morten-hjulmand,,,,,,,,,,,,,,,,,
72,71,alexis-blin,,,,,,,,,,,,,,,,,
67,66,kristoffer-askildsen,,,,,,,,,,,,,,,,,
72,71,lameck-banda,,,,,,,,,,,,,,,,,
75,75,federico-di-francesco,,,,,,,,,,,,,,,,,
76,77,gabriel-strefezza,,,,,,,,,,,,,,,,,
63,64,marcin-listkowski,,,,,,,,,,,,,,,,,
66,66,pablo-rodríguez,,,,,,,,,,,,,,,,,
73,72,lorenzo-colombo,,,,,,,,,,,,,,,,,
69,70,assan-ceesay,,,,,,,,,,,,,,,,,
71,71,jeroen-zoet,,,,,,,,,,,,,,,,,
75,74,ethan-ampadu,,,,,,,,,,,,,,,,,
76,74,jakub-kiwior,,,,,,,,,,,,,,,,,
,,mattia-caldara,,,,,,,,,,,,,,,,,
68,68,petko-hristov,,,,,,,,,,,,,,,,,
73,72,arkadiusz-reca,,,,,,,,,,,,,,,,,
72,73,kelvin-amian,,,,,,,,,,,,,,,,,
74,72,emil-holm,,,,,,,,,,,,,,,,,
70,70,mehdi-bourabia,,,,,,,,,,,,,,,,,
70,70,albin-ekdal,,,,,,,,,,,,,,,,,
71,72,simone-bastoni,,,,,,,,,,,,,,,,,
69,69,jacopo-sala,,,,,,,,,,,,,,,,,
71,71,kevin-agudelo,,,,,,,,,,,,,,,,,
70,70,viktor-kovalenko,,,,,,,,,,,,,,,,,
71,67,daniel-maldini,,,,,,,,,,,,,,,,,
74,75,emmanuel-gyasi,,,,,,,,,,,,,,,,,
70,70,daniele-verde,,,,,,,,,,,,,,,,,
69,65,leandro-sanca,,,,,,,,,,,,,,,,,
78,78,m'bala-nzola,,,,,,,,,,,,,,,,,
79,79,emil-audero,,,,,,,,,,,,,,,,,
74,74,omar-colley,,,,,,,,,,,,,,,,,
69,69,jeison-murillo,,,,,,,,,,,,,,,,,
70,70,bruno-amione,,,,,,,,,,,,,,,,,
69,69,alex-ferrari,,,,,,,,,,,,,,,,,
72,73,tommaso-augello,,,,,,,,,,,,,,,,,
69,69,nicola-murru,,,,,,,,,,,,,,,,,
67,68,andrea-conti,,,,,,,,,,,,,,,,,
70,70,tomás-rincón,,,,,,,,,,,,,,,,,
70,60,gerard-yepes,,,,,,,,,,,,,,,,,
71,71,gonzalo-villar,,,,,,,,,,,,,,,,,
69,71,ronaldo-vieira,,,,,,,,,,,,,,,,,
73,70,abdelhamid-sabiri,,,,,,,,,,,,,,,,,
72,73,valerio-verre,,,,,,,,,,,,,,,,,
70,70,ignacio-pussetto,,,,,,,,,,,,,,,,,
70,70,mehdi-léris,,,,,,,,,,,,,,,,,
74,75,manolo-gabbiadini,,,,,,,,,,,,,,,,,
69,67,manuel-de-luca,,,,,,,,,,,,,,,,,
73,76,francesco-caputo,,,,,,,,,,,,,,,,,
73,73,fabio-quagliarella,,,,,,,,,,,,,,,,,
89,90,thibaut-courtois,90,89,89,88,90,89,89,86,86,84,79,73,60,57,,,
81,74,andriy-lunin,,,,,,,,,,,,,,,,,
85,86,éder-militão,,,,,,,,,,,,,,,,,
85,85,david-alaba,,,,,,,,,,,,,,,,,
88,85,antonio-rüdiger,,,,,,,,,,,,,,,,,
84,82,ferland-mendy,,,,,,,,,,,,,,,,,
88,88,federico-valverde,,,,,,,,,,,,,,,,,
83,82,eduardo-camavinga,,,,,,,,,,,,,,,,,
,86,toni-kroos,,,,,,,,,,,,,,,,,
79,79,dani-ceballos,,,,,,,,,,,,,,,,,
81,81,eden-hazard,,,,,,,,,,,,,,,,,
86,85,rodrygo,,,,,,,,,,,,,,,,,
81,83,marco-asensio,,,,,,,,,,,,,,,,,
81,81,lucas-vázquez,,,,,,,,,,,,,,,,,
86,90,karim-benzema,91,89,89,87,84,86,87,86,85,85,87,84,83,85,85,80,76
89,89,marc-andré-ter-stegen,,,,,,,,,,,,,,,,,
85,86,ronald-araújo,,,,,,,,,,,,,,,,,
85,85,jules-koundé,,,,,,,,,,,,,,,,,
83,83,andreas-christensen,,,,,,,,,,,,,,,,,
78,75,eric-garcía,,,,,,,,,,,,,,,,,
82,82,gerard-piqué,,,,,,,,,,,,,,,,,
81,81,alejandro-balde,,,,,,,,,,,,,,,,,
78,79,marcos-alonso,,,,,,,,,,,,,,,,,
80,83,jordi-alba,,,,,,,,,,,,,,,,,
76,78,héctor-bellerín,,,,,,,,,,,,,,,,,
80,80,sergi-roberto,,,,,,,,,,,,,,,,,
81,83,sergio-busquets,,,,,,,,,,,,,,,,,
86,86,pedri,,,,,,,,,,,,,,,,,
73,71,gavi,,,,,,,,,,,,,,,,,
87,87,frenkie-de-jong,,,,,,,,,,,,,,,,,
82,84,franck-kessié,,,,,,,,,,,,,,,,,
74,70,pablo-torre,,,,,,,,,,,,,,,,,
77,78,ansu-fati,,,,,,,,,,,,,,,,,
86,86,ousmane-dembélé,,,,,,,,,,,,,,,,,
84,84,raphinha,,,,,,,,,,,,,,,,,
88,90,robert-lewandowski,,,,,,,,,,,,,,,,,
83,84,memphis-depay,,,,,,,,,,,,,,,,,
88,88,jan-oblak,89,91,91,91,90,88,87,81,77,74,74,66,66,,,,
83,83,josé-maría-giménez,,,,,,,,,,,,,,,,,
82,82,mario-hermoso,,,,,,,,,,,,,,,,,
72,72,felipe,,,,,,,,,,,,,,,,,
80,81,reinildo-mandava,,,,,,,,,,,,,,,,,
77,78,sergio-reguilón,,,,,,,,,,,,,,,,,
82,82,nahuel-molina,,,,,,,,,,,,,,,,,
79,81,geoffrey-kondogbia,,,,,,,,,,,,,,,,,
80,79,axel-witsel,,,,,,,,,,,,,,,,,
83,84,marcos-llorente,,,,,,,,,,,,,,,,,
83,84,koke,,,,,,,,,,,,,,,,,
78,80,saúl-ñíguez,,,,,,,,,,,,,,,,,
80,82,thomas-lemar,,,,,,,,,,,,,,,,,
83,84,yannick-carrasco,,,,,,,,,,,,,,,,,
82,82,ángel-correa,,,,,,,,,,,,,,,,,
80,81,joão-félix,,,,,,,,,,,,,,,,,
88,88,antoine-griezmann,,,,,,,,,,,,,,,,,
83,83,álvaro-morata,,,,,,,,,,,,,,,,,
79,79,matheus-cunha,,,,,,,,,,,,,,,,,
84,84,álex-remiro,,,,,,,,,,,,,,,,,
83,82,robin-le-normand,,,,,,,,,,,,,,,,,
80,80,igor-zubeldia,,,,,,,,,,,,,,,,,
79,80,aritz-elustondo,,,,,,,,,,,,,,,,,
71,71,jon-pacheco,,,,,,,,,,,,,,,,,
74,74,aihen-muñoz,,,,,,,,,,,,,,,,,
78,77,diego-rico,,,,,,,,,,,,,,,,,
76,76,andoni-gorosabel,,,,,,,,,,,,,,,,,
81,80,martín-zubimendi,,,,,,,,,,,,,,,,,
77,77,asier-illarramendi,,,,,,,,,,,,,,,,,
85,84,mikel-merino,,,,,,,,,,,,,,,,,
81,81,brais-méndez,,,,,,,,,,,,,,,,,
75,74,ander-guevara,,,,,,,,,,,,,,,,,
68,68,beñat-turrientes,,,,,,,,,,,,,,,,,
83,83,david-silva,,,,,,,,,,,,,,,,,
75,75,ander-barrenetxea,,,,,,,,,,,,,,,,,
81,80,takefusa-kubo,,,,,,,,,,,,,,,,,
77,77,umar-sadiq,,,,,,,,,,,,,,,,,
66,68,jon-karrikaburu,,,,,,,,,,,,,,,,,
73,73,carlos-fernández,,,,,,,,,,,,,,,,,
79,81,gerónimo-rulli,,,,,,,,,,,,,,,,,
82,83,pau-torres,,,,,,,,,,,,,,,,,
74,73,jorge-cuenca,,,,,,,,,,,,,,,,,
76,76,aïssa-mandi,,,,,,,,,,,,,,,,,
79,81,raúl-albiol,,,,,,,,,,,,,,,,,
78,78,alfonso-pedraza,,,,,,,,,,,,,,,,,
77,77,johan-mojica,,,,,,,,,,,,,,,,,
76,76,alberto-moreno,,,,,,,,,,,,,,,,,
80,80,juan-foyth,,,,,,,,,,,,,,,,,
73,74,kiko-femenía,,,,,,,,,,,,,,,,,
79,80,francis-coquelin,,,,,,,,,,,,,,,,,
81,81,étienne-capoue,,,,,,,,,,,,,,,,,
80,81,giovani-lo-celso,,,,,,,,,,,,,,,,,
76,77,manu-trigueros,,,,,,,,,,,,,,,,,
74,73,manu-morlanes,,,,,,,,,,,,,,,,,
80,81,samuel-chukwueze,,,,,,,,,,,,,,,,,
79,78,nicolas-jackson,,,,,,,,,,,,,,,,,
83,83,gerard-moreno,,,,,,,,,,,,,,,,,
76,79,josé-luis-morales,,,,,,,,,,,,,,,,,
81,81,rui-silva,,,,,,,,,,,,,,,,,
79,80,claudio-bravo,,,,,,,,,,,,,,,,,
77,80,luiz-felipe,,,,,,,,,,,,,,,,,
76,77,germán-pezzella,,,,,,,,,,,,,,,,,
68,68,víctor-ruiz,,,,,,,,,,,,,,,,,
79,80,álex-moreno,,,,,,,,,,,,,,,,,
76,77,juan-miranda,,,,,,,,,,,,,,,,,
76,76,aitor-ruibal,,,,,,,,,,,,,,,,,
77,77,youssouf-sabaly,,,,,,,,,,,,,,,,,
72,72,martín-montoya,,,,,,,,,,,,,,,,,
83,83,guido-rodríguez,,,,,,,,,,,,,,,,,
80,81,william-carvalho,,,,,,,,,,,,,,,,,
72,72,paul-akouokou,,,,,,,,,,,,,,,,,
76,76,andrés-guardado,,,,,,,,,,,,,,,,,
82,83,nabil-fekir,,,,,,,,,,,,,,,,,
84,84,sergio-canales,,,,,,,,,,,,,,,,,
78,79,juanmi,,,,,,,,,,,,,,,,,
60,,luiz-henrique,,,,,,,,,,,,,,,,,
78,78,joaquín,,,,,,,,,,,,,,,,,
70,70,juan-cruz,,,,,,,,,,,,,,,,,
78,83,borja-iglesias,,,,,,,,,,,,,,,,,
76,76,willian-josé,,,,,,,,,,,,,,,,,
72,72,loren-morón,,,,,,,,,,,,,,,,,
85,80,giorgi-mamardashvili,,,,,,,,,,,,,,,,,
76,76,mouctar-diakhaby,,,,,,,,,,,,,,,,,
77,78,gabriel-paulista,,,,,,,,,,,,,,,,,
73,76,eray-cömert,,,,,,,,,,,,,,,,,
70,72,cenk-özkacar,,,,,,,,,,,,,,,,,
77,68,cristhian-mosquera,,,,,,,,,,,,,,,,,
74,73,toni-lato,,,,,,,,,,,,,,,,,
78,77,thierry-correia,,,,,,,,,,,,,,,,,
74,74,dimitri-foulquier,,,,,,,,,,,,,,,,,
73,75,hugo-guillamón,,,,,,,,,,,,,,,,,
75,74,yunus-musah,,,,,,,,,,,,,,,,,
72,72,ilaix-moriba,,,,,,,,,,,,,,,,,
77,77,justin-kluivert,,,,,,,,,,,,,,,,,
75,76,samu-castillejo,,,,,,,,,,,,,,,,,
79,74,hugo-duro,,,,,,,,,,,,,,,,,
77,79,edinson-cavani,,,,,,,,,,,,,,,,,
78,80,marko-dmitrović,,,,,,,,,,,,,,,,,
78,78,marcão,,,,,,,,,,,,,,,,,
73,73,tanguy-nianzou,,,,,,,,,,,,,,,,,
77,77,karim-rekik,,,,,,,,,,,,,,,,,
79,79,alex-telles,,,,,,,,,,,,,,,,,
83,85,marcos-acuña,,,,,,,,,,,,,,,,,
76,79,gonzalo-montiel,,,,,,,,,,,,,,,,,
80,80,jesús-navas,,,,,,,,,,,,,,,,,
80,80,nemanja-gudelj,,,,,,,,,,,,,,,,,
82,82,fernando,,,,,,,,,,,,,,,,,
78,80,joan-jordán,,,,,,,,,,,,,,,,,
79,79,óliver-torres,,,,,,,,,,,,,,,,,
76,79,thomas-delaney,,,,,,,,,,,,,,,,,
82,80,isco,,,,,,,,,,,,,,,,,
,,papu-gómez,,,,,,,,,,,,,,,,,
80,80,suso,,,,,,,,,,,,,,,,,
76,77,adnan-januzaj,,,,,,,,,,,,,,,,,
76,75,kasper-dolberg,,,,,,,,,,,,,,,,,
77,77,rafa-mir,,,,,,,,,,,,,,,,,
83,82,youssef-en-nesyri,,,,,,,,,,,,,,,,,
86,83,unai-simón,,,,,,,,,,,,,,,,,
81,82,iñigo-martínez,,,,,,,,,,,,,,,,,
81,81,yeray-álvarez,,,,,,,,,,,,,,,,,
77,70,aitor-paredes,,,,,,,,,,,,,,,,,
79,79,yuri-berchiche,,,,,,,,,,,,,,,,,
,,mikel-balenziaga,,,,,,,,,,,,,,,,,
,,iñigo-lekue,,,,,,,,,,,,,,,,,
72,75,ander-capa,,,,,,,,,,,,,,,,,
,,óscar-de-marcos,,,,,,,,,,,,,,,,,
,,mikel-vesga,,,,,,,,,,,,,,,,,
78,79,ander-herrera,,,,,,,,,,,,,,,,,
72,73,oier-zarraga,,,,,,,,,,,,,,,,,
76,76,dani-garcía,,,,,,,,,,,,,,,,,
82,81,oihan-sancet,,,,,,,,,,,,,,,,,
79,81,iker-muniain,,,,,,,,,,,,,,,,,
81,80,álex-berenguer,,,,,,,,,,,,,,,,,
68,70,jon-morcillo,,,,,,,,,,,,,,,,,
85,79,nico-williams,,,,,,,,,,,,,,,,,
82,81,iñaki-williams,,,,,,,,,,,,,,,,,
73,73,asier-villalibre,,,,,,,,,,,,,,,,,
74,74,raúl-garcía,,,,,,,,,,,,,,,,,
62,62,gorka-guruzeta,,,,,,,,,,,,,,,,,
81,80,david-soria,,,,,,,,,,,,,,,,,
74,77,domingos-duarte,,,,,,,,,,,,,,,,,
77,77,djené,,,,,,,,,,,,,,,,,
75,72,gastón-álvarez,,,,,,,,,,,,,,,,,
77,76,omar-alderete,,,,,,,,,,,,,,,,,
74,74,stefan-mitrović,,,,,,,,,,,,,,,,,
70,70,fabrizio-angileri,,,,,,,,,,,,,,,,,
70,72,jordan-amavi,,,,,,,,,,,,,,,,,
77,77,damián-suárez,,,,,,,,,,,,,,,,,
78,78,nemanja-maksimović,,,,,,,,,,,,,,,,,
78,80,mauro-arambarri,,,,,,,,,,,,,,,,,
,,carles-aleñá,,,,,,,,,,,,,,,,,
77,78,luis-milla,,,,,,,,,,,,,,,,,
72,72,jaime-seoane,,,,,,,,,,,,,,,,,
,,ángel-algobia,,,,,,,,,,,,,,,,,
76,76,portu,,,,,,,,,,,,,,,,,
78,82,enes-ünal,,,,,,,,,,,,,,,,,
79,74,borja-mayoral,,,,,,,,,,,,,,,,,
76,78,munir-el-haddadi,,,,,,,,,,,,,,,,,
,,jaime-mata,,,,,,,,,,,,,,,,,
78,79,sergio-herrera,,,,,,,,,,,,,,,,,
,,aitor-fernández,,,,,,,,,,,,,,,,,
,,david-garcía,,,,,,,,,,,,,,,,,
74,75,unai-garcía,,,,,,,,,,,,,,,,,
,,aridane-hernández,,,,,,,,,,,,,,,,,
75,76,nacho-vidal,,,,,,,,,,,,,,,,,
75,76,rubén-peña,,,,,,,,,,,,,,,,,
77,,lucas-torró,,,,,,,,,,,,,,,,,
78,78,jon-moncayola,,,,,,,,,,,,,,,,,
70,67,pablo-ibáñez,,,,,,,,,,,,,,,,,
75,73,aimar-oroz,,,,,,,,,,,,,,,,,
,,roberto-torres,,,,,,,,,,,,,,,,,
79,79,moi-gómez,,,,,,,,,,,,,,,,,
78,78,rubén-garcía,,,,,,,,,,,,,,,,,
75,75,kike-barja,,,,,,,,,,,,,,,,,
78,77,ante-budimir,,,,,,,,,,,,,,,,,
78,78,agustín-marchesín,,,,,,,,,,,,,,,,,
78,79,joseph-aidoo,,,,,,,,,,,,,,,,,
77,77,unai-núñez,,,,,,,,,,,,,,,,,
,,óscar-mingueza,,,,,,,,,,,,,,,,,
80,82,javi-galán,,,,,,,,,,,,,,,,,
77,77,hugo-mallo,,,,,,,,,,,,,,,,,
57,,kevin-vázquez,,,,,,,,,,,,,,,,,
79,78,renato-tapia,,,,,,,,,,,,,,,,,
78,80,fran-beltrán,,,,,,,,,,,,,,,,,
70,69,williot-swedberg,,,,,,,,,,,,,,,,,
72,73,luca-de-la-torre,,,,,,,,,,,,,,,,,
76,77,franco-cervi,,,,,,,,,,,,,,,,,
76,76,carles-pérez,,,,,,,,,,,,,,,,,
73,73,augusto-solari,,,,,,,,,,,,,,,,,
84,85,iago-aspas,,,,,,,,,,,,,,,,,
73,73,gonçalo-paciência,,,,,,,,,,,,,,,,,
82,78,paulo-gazzaniga,,,,,,,,,,,,,,,,,
67,65,juan-carlos,,,,,,,,,,,,,,,,,
77,77,santiago-bueno,,,,,,,,,,,,,,,,,
80,79,david-lópez,,,,,,,,,,,,,,,,,
73,73,bernardo-espinosa,,,,,,,,,,,,,,,,,
73,71,juanpe,,,,,,,,,,,,,,,,,
80,74,miguel-gutiérrez,,,,,,,,,,,,,,,,,
80,72,yan-couto,,,,,,,,,,,,,,,,,
79,80,oriol-romeu,,,,,,,,,,,,,,,,,
,,ramón-terrats,,,,,,,,,,,,,,,,,
82,76,yangel-herrera,,,,,,,,,,,,,,,,,
84,80,aleix-garcía,,,,,,,,,,,,,,,,,
70,70,reinier,,,,,,,,,,,,,,,,,
80,74,iván-martín,,,,,,,,,,,,,,,,,
70,73,manu-vallejo,,,,,,,,,,,,,,,,,
74,74,toni-villa,,,,,,,,,,,,,,,,,
78,77,rodrigo-riquelme,,,,,,,,,,,,,,,,,
76,77,cristhian-stuani,,,,,,,,,,,,,,,,,
79,79,stole-dimitrievski,,,,,,,,,,,,,,,,,
78,78,diego-lópez,,,,,,,,,,,,,,,,,
77,77,florian-lejeune,,,,,,,,,,,,,,,,,
70,70,abdul-mumin,,,,,,,,,,,,,,,,,
68,70,esteban-saveljich,,,,,,,,,,,,,,,,,
72,72,mario-suárez,,,,,,,,,,,,,,,,,
70,71,pep-chavarría,,,,,,,,,,,,,,,,,
77,,iván-balliu,,,,,,,,,,,,,,,,,
74,74,pathé-ciss,,,,,,,,,,,,,,,,,
76,76,óscar-valentín,,,,,,,,,,,,,,,,,
75,78,santi-comesaña,,,,,,,,,,,,,,,,,
74,74,unai-lópez,,,,,,,,,,,,,,,,,
77,78,óscar-trejo,,,,,,,,,,,,,,,,,
72,72,josé-pozo,,,,,,,,,,,,,,,,,
79,79,álvaro-garcía,,,,,,,,,,,,,,,,,
73,74,bebé,,,,,,,,,,,,,,,,,
73,75,sergio-camello,,,,,,,,,,,,,,,,,
74,75,radamel-falcao,,,,,,,,,,,,,,,,,
77,76,benjamin-lecomte,,,,,,,,,,,,,,,,,
74,72,álvaro-fernández,,,,,,,,,,,,,,,,,
,,leandro-cabrera,,,,,,,,,,,,,,,,,
73,74,fernando-calero,,,,,,,,,,,,,,,,,
73,74,sergi-gómez,,,,,,,,,,,,,,,,,
73,77,brian-oliván,,,,,,,,,,,,,,,,,
69,73,óscar-gil,,,,,,,,,,,,,,,,,
74,74,aleix-vidal,,,,,,,,,,,,,,,,,
73,67,omar-el-hilali,,,,,,,,,,,,,,,,,
74,75,vinicius-souza,,,,,,,,,,,,,,,,,
82,83,sergi-darder,,,,,,,,,,,,,,,,,
74,75,edu-expósito,,,,,,,,,,,,,,,,,
74,75,keidi-bare,,,,,,,,,,,,,,,,,
70,73,pol-lozano,,,,,,,,,,,,,,,,,
,,javi-puado,,,,,,,,,,,,,,,,,
,,josé-carlos-lazo,,,,,,,,,,,,,,,,,
,,joselu,,,,,,,,,,,,,,,,,
77,77,martin-braithwaite,,,,,,,,,,,,,,,,,
69,69,dani-gómez,,,,,,,,,,,,,,,,,
66,66,fernando-pacheco,,,,,,,,,,,,,,,,,
68,70,kaiky,,,,,,,,,,,,,,,,,
75,75,rodrigo-ely,,,,,,,,,,,,,,,,,
74,74,sergio-akieme,,,,,,,,,,,,,,,,,
69,71,houboulang-mendes,,,,,,,,,,,,,,,,,
76,79,lucas-robertone,,,,,,,,,,,,,,,,,
73,74,gonzalo-melero,,,,,,,,,,,,,,,,,
70,69,arnau-puigmal,,,,,,,,,,,,,,,,,
,,césar-de-la-hoz,,,,,,,,,,,,,,,,,
71,73,largie-ramazani,,,,,,,,,,,,,,,,,
75,75,lázaro,,,,,,,,,,,,,,,,,
72,73,francisco-portillo,,,,,,,,,,,,,,,,,
74,76,léo-baptistão,,,,,,,,,,,,,,,,,
72,71,el-bilal-touré,,,,,,,,,,,,,,,,,
72,76,dyego-sousa,,,,,,,,,,,,,,,,,
78,78,predrag-rajković,,,,,,,,,,,,,,,,,
77,77,martin-valjent,,,,,,,,,,,,,,,,,
75,74,matija-nastasić,,,,,,,,,,,,,,,,,
69,70,franco-russo,,,,,,,,,,,,,,,,,
72,72,braian-cufré,,,,,,,,,,,,,,,,,
77,77,jaume-costa,,,,,,,,,,,,,,,,,
79,78,pablo-maffeo,,,,,,,,,,,,,,,,,
72,71,giovanni-gonzález,,,,,,,,,,,,,,,,,
74,74,rodrigo-battaglia,,,,,,,,,,,,,,,,,
75,76,iddrisu-baba,,,,,,,,,,,,,,,,,
,,iñigo-ruiz-de-galarreta,,,,,,,,,,,,,,,,,
73,73,antonio-sánchez,,,,,,,,,,,,,,,,,
74,,clément-grenier,,,,,,,,,,,,,,,,,
76,76,dani-rodríguez,,,,,,,,,,,,,,,,,
80,80,vedat-muriqi,,,,,,,,,,,,,,,,,
73,71,abdón-prats,,,,,,,,,,,,,,,,,
72,72,ángel-rodríguez,,,,,,,,,,,,,,,,,
82,82,jeremías-ledesma,,,,,,,,,,,,,,,,,
71,75,víctor-chust,,,,,,,,,,,,,,,,,
73,75,fali,,,,,,,,,,,,,,,,,
75,74,luis-hernández,,,,,,,,,,,,,,,,,
78,78,alfonso-espino,,,,,,,,,,,,,,,,,
71,69,santiago-arzamendia,,,,,,,,,,,,,,,,,
66,66,tomás-alarcón,,,,,,,,,,,,,,,,,
,,josé-mari,,,,,,,,,,,,,,,,,
74,75,rubén-alcaraz,,,,,,,,,,,,,,,,,
,,fede-san-emeterio,,,,,,,,,,,,,,,,,
76,76,álex-fernández,,,,,,,,,,,,,,,,,
68,69,awer-mabil,,,,,,,,,,,,,,,,,
72,72,brian-ocampo,,,,,,,,,,,,,,,,,
70,74,iván-alejo,,,,,,,,,,,,,,,,,
74,74,rubén-sobrino,,,,,,,,,,,,,,,,,
75,77,lucas-pérez,,,,,,,,,,,,,,,,,
72,77,álvaro-negredo,,,,,,,,,,,,,,,,,
69,68,álvaro-giménez,,,,,,,,,,,,,,,,,
76,76,sergio-asenjo,,,,,,,,,,,,,,,,,
74,77,jordi-masip,,,,,,,,,,,,,,,,,
74,75,javi-sánchez,,,,,,,,,,,,,,,,,
74,75,joaquín-fernández,,,,,,,,,,,,,,,,,
77,77,zouhair-feddal,,,,,,,,,,,,,,,,,
75,75,jawad-el-yamiq,,,,,,,,,,,,,,,,,
73,73,lucas-olaza,,,,,,,,,,,,,,,,,
74,74,sergio-escudero,,,,,,,,,,,,,,,,,
73,73,luis-pérez,,,,,,,,,,,,,,,,,
,,iván-fresneda,,,,,,,,,,,,,,,,,
,,monchu,,,,,,,,,,,,,,,,,
73,73,kike-pérez,,,,,,,,,,,,,,,,,
,,álvaro-aguado,,,,,,,,,,,,,,,,,
74,76,roque-mesa,,,,,,,,,,,,,,,,,
69,71,anuar,,,,,,,,,,,,,,,,,
72,75,kenedy,,,,,,,,,,,,,,,,,
77,77,gonzalo-plata,,,,,,,,,,,,,,,,,
73,73,óscar-plano,,,,,,,,,,,,,,,,,
73,73,iván-sánchez,,,,,,,,,,,,,,,,,
71,75,shon-weissman,,,,,,,,,,,,,,,,,
72,72,sergio guardiola,,,,,,,,,,,,,,,,,
71,73,sergio-león,,,,,,,,,,,,,,,,,
,,juanjo-narváez,,,,,,,,,,,,,,,,,
75,80,édgar-badía,,,,,,,,,,,,,,,,,
70,72,enzo-roco,,,,,,,,,,,,,,,,,
69,69,diego-gonzález,,,,,,,,,,,,,,,,,
73,72,federico-fernández,,,,,,,,,,,,,,,,,
,,pedro-bigas,,,,,,,,,,,,,,,,,
68,70,gonzalo-verdú,,,,,,,,,,,,,,,,,
73,73,carlos-clerc,,,,,,,,,,,,,,,,,
71,72,pol-lirola,,,,,,,,,,,,,,,,,
74,74,helibelton-palacios,,,,,,,,,,,,,,,,,
75,75,omar-mascarell,,,,,,,,,,,,,,,,,
73,73,gerard-gumbau,,,,,,,,,,,,,,,,,
68,71,raúl-guti,,,,,,,,,,,,,,,,,
67,67,domingos-quina,,,,,,,,,,,,,,,,,
74,74,javier-pastore,,,,,,,,,,,,,,,,,
73,77,pere-milla,,,,,,,,,,,,,,,,,
73,72,tete-morente,,,,,,,,,,,,,,,,,
71,75,fidel,,,,,,,,,,,,,,,,,
70,70,álex-collado,,,,,,,,,,,,,,,,,
72,72,josan,,,,,,,,,,,,,,,,,
76,77,lucas-boyé,,,,,,,,,,,,,,,,,
75,73,ezequiel-ponce,,,,,,,,,,,,,,,,,
73,73,roger-martí,,,,,,,,,,,,,,,,,